,brand_name,price,has_5g,has_nfc,has_ir_blaster,processor_brand,num_cores,processor_speed,battery_capacity,fast_charging_available,ram_capacity,internal_memory,refresh_rate,os,primary_camera_rear,primary_camera_front,extended_memory_available
0,oneplus,54999,True,True,False,snapdragon,8.0,3.2,5000.0,1,12,256,120,android,50.0,16.0,0
1,oneplus,19989,True,False,False,snapdragon,8.0,2.2,5000.0,1,6,128,120,android,64.0,16.0,1
2,samsung,16499,True,False,False,exynos,8.0,2.4,5000.0,1,4,64,90,android,50.0,13.0,1
3,motorola,14999,True,False,False,snapdragon,8.0,2.2,5000.0,1,6,128,120,android,50.0,16.0,1
4,realme,24999,True,False,False,dimensity,8.0,2.6,5000.0,1,6,128,120,android,108.0,16.0,0
5,samsung,16999,True,True,False,snapdragon,8.0,2.2,5000.0,1,6,128,120,android,50.0,8.0,1
6,apple,65999,True,True,False,bionic,6.0,3.22,3279.0,1,6,128,60,ios,12.0,12.0,0
7,xiaomi,29999,True,False,True,dimensity,8.0,2.6,4980.0,1,8,256,120,android,200.0,16.0,0
8,nothing,26749,True,True,False,snapdragon,8.0,2.5,4500.0,1,8,128,120,android,50.0,16.0,0
9,oneplus,28999,True,True,False,dimensity,8.0,3.0,4500.0,1,8,128,90,android,50.0,32.0,0
10,realme,18999,True,False,False,snapdragon,8.0,2.2,5000.0,1,6,128,120,android,108.0,16.0,1
11,oppo,18999,True,True,False,dimensity,8.0,2.2,5000.0,1,8,128,90,android,50.0,8.0,1
12,xiaomi,24762,True,False,True,dimensity,8.0,2.6,5000.0,1,6,128,120,android,50.0,16.0,0
13,vivo,16990,True,False,False,snapdragon,8.0,2.2,5000.0,1,6,128,120,android,50.0,16.0,1
14,samsung,114990,True,True,False,snapdragon,8.0,3.2,5000.0,1,8,256,120,android,200.0,12.0,0
15,apple,62999,True,True,False,bionic,6.0,3.22,3240.0,1,4,128,60,ios,12.0,12.0,0
16,vivo,9999,False,False,False,helio,8.0,2.3,5000.0,1,3,32,60,android,13.0,5.0,1
17,oppo,45999,True,True,False,snapdragon,8.0,3.2,4700.0,1,16,256,120,android,50.0,32.0,0
18,oneplus,32999,True,True,False,dimensity,8.0,2.85,5000.0,1,8,128,120,android,50.0,16.0,0
19,vivo,14499,False,False,False,helio,8.0,2.0,5000.0,1,4,64,60,android,50.0,8.0,1
20,oneplus,39999,True,True,False,snapdragon,8.0,3.2,5000.0,1,8,128,120,android,50.0,16.0,0
21,vivo,35999,True,False,False,dimensity,8.0,3.0,4830.0,1,8,128,120,android,64.0,32.0,0
22,poco,14999,True,False,True,snapdragon,8.0,2.2,5000.0,1,6,64,120,android,64.0,16.0,1
23,xiaomi,17859,True,False,True,snapdragon,8.0,2.0,5000.0,1,4,128,120,android,48.0,13.0,1
24,vivo,42990,True,True,False,dimensity,8.0,3.2,4800.0,1,12,256,120,android,64.0,32.0,0
25,samsung,31239,True,True,False,snapdragon,8.0,2.84,4500.0,1,8,128,120,android,12.0,32.0,1
26,oneplus,21995,True,False,False,snapdragon,8.0,2.2,5000.0,1,8,128,120,android,64.0,16.0,1
27,apple,129990,True,True,False,bionic,6.0,2.4278098290598287,4323.0,1,6,128,120,ios,48.0,12.0,0
28,vivo,27999,True,False,False,dimensity,8.0,2.0,4500.0,1,8,128,90,android,64.0,50.0,1
29,oneplus,69999,True,True,False,snapdragon,8.0,3.2,4500.0,1,8,128,120,android,50.0,16.0,0
30,realme,19999,True,False,False,snapdragon,8.0,2.2,5000.0,1,8,128,120,android,108.0,16.0,1
31,poco,20999,True,True,True,snapdragon,8.0,2.4,5000.0,1,6,128,120,android,108.0,16.0,0
32,vivo,27990,True,False,False,dimensity,8.0,2.2,4700.0,1,8,256,120,android,64.0,50.0,1
33,apple,38999,False,True,False,bionic,6.0,2.65,3110.0,0,4,64,60,ios,12.0,12.0,0
34,samsung,23790,True,False,False,dimensity,8.0,2.4,5000.0,1,6,128,120,android,108.0,32.0,1
35,samsung,39999,True,True,False,exynos,8.0,2.9,4500.0,1,8,128,120,android,12.0,32.0,0
36,oppo,29990,True,True,False,snapdragon,8.0,2.2,5000.0,1,8,256,120,android,108.0,16.0,1
37,samsung,91999,True,True,False,snapdragon,8.0,3.0,5000.0,1,12,256,120,android,108.0,40.0,0
38,xiaomi,32999,True,False,True,snapdragon,8.0,2.36,5200.0,1,6,128,120,android,108.0,32.0,1
39,oppo,28499,True,True,False,snapdragon,8.0,2.4,4500.0,1,8,256,120,android,64.0,32.0,0
40,oneplus,21999,True,True,False,snapdragon,8.0,2.2,5000.0,1,6,128,120,android,108.0,16.0,1
41,xiaomi,19999,True,False,True,snapdragon,8.0,2.2,5000.0,1,6,128,120,android,108.0,16.0,1
42,motorola,18999,True,True,False,dimensity,8.0,2.4,5000.0,1,6,128,90,android,108.0,32.0,1
43,realme,27999,True,False,False,dimensity,8.0,2.6,5000.0,1,8,256,120,android,108.0,16.0,0
44,vivo,18499,False,False,False,snapdragon,8.0,2.4,5000.0,1,8,128,90,android,50.0,16.0,1
45,samsung,17478,True,True,False,exynos,8.0,2.4,6000.0,1,6,128,120,android,50.0,8.0,1
46,xiaomi,11936,False,False,True,snapdragon,8.0,2.4,5000.0,1,4,64,90,android,50.0,13.0,1
47,realme,8950,False,False,False,unisoc,8.0,1.8,5000.0,0,3,32,60,android,50.0,5.0,1
48,vivo,12489,False,False,False,helio,8.0,2.3,5000.0,1,4,64,60,android,13.0,5.0,1
49,samsung,42999,True,True,False,snapdragon,8.0,2.36,5000.0,1,8,128,120,android,108.0,32.0,1
50,samsung,18999,True,False,False,exynos,8.0,2.4,5000.0,1,6,128,90,android,50.0,13.0,1
51,iqoo,29999,True,True,True,dimensity,8.0,3.1,5000.0,1,8,128,120,android,64.0,16.0,0
52,jio,11990,True,False,False,snapdragon,8.0,2.2,5000.0,1,4,32,90,android,13.0,8.0,1
53,motorola,18999,True,True,False,snapdragon,8.0,2.2,5000.0,1,6,128,120,android,50.0,16.0,1
54,realme,13999,False,False,False,helio,8.0,2.2,5000.0,1,4,64,90,android,50.0,16.0,1
55,realme,14965,True,False,False,dimensity,8.0,2.4,5000.0,1,4,64,90,android,50.0,8.0,1
56,apple,74999,True,True,False,bionic,6.0,3.22,4325.0,1,6,128,60,ios,12.0,12.0,0
57,xiaomi,10999,False,False,True,helio,8.0,2.05,5000.0,1,6,64,60,android,64.0,13.0,1
58,samsung,84990,True,True,False,snapdragon,8.0,3.2,4700.0,1,8,256,120,android,50.0,12.0,0
59,motorola,10499,False,False,False,snapdragon,8.0,2.4,5000.0,1,4,64,90,android,50.0,16.0,1
60,xiaomi,17990,True,True,True,dimensity,8.0,2.0,5000.0,1,6,128,120,android,108.0,16.0,0
61,vivo,29990,True,True,False,snapdragon,8.0,3.2,4600.0,1,8,128,120,android,64.0,50.0,0
62,samsung,18499,False,False,False,snapdragon,8.0,2.4,5000.0,1,6,128,60,android,50.0,8.0,1
63,vivo,16499,False,False,False,helio,8.0,2.0,5000.0,1,6,128,60,android,50.0,8.0,1
64,poco,14999,True,False,True,dimensity,8.0,2.4,5000.0,1,6,128,90,android,50.0,16.0,1
65,vivo,35499,True,True,False,dimensity,8.0,3.1,4600.0,1,8,256,120,android,50.0,50.0,0
66,oneplus,60999,True,True,False,snapdragon,8.0,3.0,5000.0,1,8,128,120,android,50.0,32.0,0
67,xiaomi,32999,True,False,True,dimensity,8.0,2.6,4980.0,1,12,256,120,android,200.0,16.0,0
68,samsung,15999,True,True,False,snapdragon,8.0,2.2,5000.0,1,4,128,120,android,50.0,8.0,1
69,oppo,9499,False,False,False,helio,8.0,2.3,5000.0,0,3,64,60,android,8.0,5.0,1
70,vivo,27994,True,False,False,dimensity,8.0,2.5,4200.0,1,12,256,90,android,64.0,50.0,1
71,iqoo,13989,True,False,False,snapdragon,8.0,2.0,5000.0,1,4,64,120,android,50.0,8.0,1
72,oneplus,44999,True,True,False,snapdragon,8.0,3.2,4800.0,1,8,128,120,android,50.0,16.0,0
73,xiaomi,13999,True,False,True,dimensity,8.0,2.2,5000.0,1,6,128,90,android,48.0,8.0,1
74,others,6190,False,False,False,tiger,4.0,2.0,3500.0,0,4,32,60,other,13.0,5.0,1
75,apple,119900,True,True,False,bionic,6.0,3.22,3095.0,1,6,128,120,ios,12.0,12.0,0
76,oppo,27660,True,False,False,snapdragon,8.0,2.2,4800.0,1,8,128,120,android,64.0,32.0,1
77,samsung,24999,True,True,False,exynos,8.0,2.4278098290598287,5000.0,1,6,128,90,android,48.0,13.0,1
78,xiaomi,8388,False,False,False,helio,8.0,2.0,5000.0,0,4,64,60,android,13.0,5.0,1
79,motorola,15999,False,True,False,helio,8.0,2.2,5000.0,1,6,128,120,android,108.0,16.0,1
80,samsung,20999,True,False,False,exynos,8.0,2.4,5000.0,1,8,128,90,android,50.0,13.0,1
81,realme,13999,True,False,False,dimensity,8.0,2.4,5000.0,1,4,64,90,android,48.0,16.0,1
82,vivo,19990,True,False,False,snapdragon,8.0,2.2,5000.0,1,8,128,120,android,50.0,16.0,1
83,samsung,13999,True,False,False,dimensity,8.0,2.2,5000.0,1,6,128,90,android,50.0,5.0,1
84,motorola,22999,True,True,False,snapdragon,8.0,2.5,4020.0,1,6,128,144,android,50.0,32.0,0
85,samsung,22999,True,False,False,snapdragon,8.0,2.2,5000.0,1,6,128,120,android,50.0,8.0,1
86,oppo,16999,True,False,False,dimensity,8.0,2.4,5000.0,1,8,128,90,android,48.0,8.0,1
87,xiaomi,14290,False,False,True,snapdragon,8.0,2.4,5000.0,1,6,128,90,android,50.0,13.0,1
88,samsung,41999,True,True,False,snapdragon,8.0,2.4,5000.0,1,8,128,120,android,108.0,32.0,1
89,vivo,13489,False,False,False,helio,8.0,2.3,5000.0,1,4,64,60,android,13.0,8.0,1
90,oneplus,22990,True,True,False,dimensity,8.0,2.85,5000.0,1,8,128,120,android,64.0,16.0,0
91,motorola,16499,True,False,False,snapdragon,8.0,2.2,5000.0,1,8,128,120,android,50.0,16.0,1
92,vivo,73999,True,True,True,snapdragon,8.0,3.2,4700.0,1,12,256,120,android,50.3,32.0,0
93,realme,9999,False,False,False,unisoc,8.0,1.8,5000.0,0,4,64,60,android,50.0,5.0,1
94,realme,12499,False,False,False,snapdragon,8.0,2.4,5000.0,1,4,64,90,android,50.0,16.0,1
95,oppo,12499,False,False,False,helio,8.0,2.3,5000.0,1,4,64,60,android,50.0,5.0,1
96,iqoo,59999,True,True,False,snapdragon,8.0,3.2,5000.0,1,8,256,144,android,50.0,16.0,0
97,vivo,106990,True,True,False,snapdragon,8.0,3.0,4600.0,1,12,256,120,android,50.0,16.0,0
98,vivo,15990,True,False,False,snapdragon,8.0,2.2,5000.0,1,4,128,120,android,50.0,16.0,1
99,apple,119990,True,True,False,bionic,6.0,2.4278098290598287,3200.0,1,6,128,120,ios,48.0,12.0,0
100,xiaomi,19999,True,False,True,snapdragon,8.0,2.4,5200.0,1,6,128,120,android,108.0,32.0,1
101,motorola,23990,True,False,False,snapdragon,8.0,2.9,4400.0,1,8,128,144,android,50.0,32.0,0
102,realme,12999,True,False,False,dimensity,8.0,2.4,5000.0,1,8,128,90,android,50.0,8.0,1
103,oppo,19990,True,False,False,dimensity,8.0,2.4,4310.0,1,8,128,60,android,48.0,16.0,1
104,xiaomi,58990,True,True,True,snapdragon,8.0,3.2,4820.0,1,8,128,120,android,50.3,32.0,0
105,vivo,43999,True,False,False,dimensity,8.0,3.2,5000.0,1,12,256,144,android,108.0,32.0,0
106,samsung,49999,True,True,False,snapdragon,8.0,3.0,3700.0,1,8,128,120,android,50.0,10.0,0
107,vivo,15999,False,False,False,snapdragon,8.0,2.4,5000.0,1,6,128,60,android,50.0,16.0,1
108,oneplus,36999,True,True,False,dimensity,8.0,2.85,5000.0,1,12,256,120,android,50.0,16.0,0
109,tecno,39999,True,True,False,dimensity,8.0,3.05,5160.0,1,8,256,120,android,64.0,32.0,0
110,apple,51999,True,True,False,bionic,6.0,3.1,3279.0,0,4,64,60,ios,12.0,12.0,0
111,xiaomi,22999,True,False,True,dimensity,8.0,2.85,5080.0,1,6,128,144,android,64.0,16.0,0
112,samsung,31999,True,True,False,exynos,8.0,2.4,5000.0,1,6,128,120,android,64.0,32.0,1
113,xiaomi,6171,False,False,False,helio,4.0,2.0,5000.0,1,2,32,60,android,8.0,5.0,1
114,oppo,29340,True,True,False,dimensity,8.0,3.0,4500.0,1,8,128,90,android,50.0,32.0,0
115,samsung,25289,True,False,False,dimensity,8.0,2.4,5000.0,1,8,128,120,android,108.0,32.0,1
116,iqoo,21788,True,False,False,snapdragon,8.0,2.4,4700.0,1,6,128,90,android,64.0,16.0,0
117,others,69999,True,True,False,exynos,8.0,2.4278098290598287,5000.0,1,16,512,165,android,50.0,32.0,0
118,samsung,70990,True,True,False,snapdragon,8.0,3.2,3900.0,1,8,128,120,android,50.0,12.0,0
119,motorola,34999,True,True,False,snapdragon,8.0,3.0,4800.0,1,8,128,144,android,50.0,60.0,0
120,oneplus,33900,True,True,False,dimensity,8.0,3.0,4500.0,1,12,256,90,android,50.0,32.0,0
121,google,29999,True,True,False,others,8.0,2.4278098290598287,4410.0,1,6,128,60,android,12.2,8.0,0
122,infinix,18999,True,False,False,dimensity,8.0,2.4,5000.0,1,8,128,60,android,108.0,16.0,1
123,samsung,19499,True,True,False,exynos,8.0,2.4,6000.0,1,8,128,120,android,50.0,8.0,1
124,vivo,24994,True,False,False,dimensity,8.0,2.5,4200.0,1,8,128,90,android,64.0,50.0,0
125,motorola,10999,False,True,False,snapdragon,8.0,2.4,5000.0,1,4,64,60,android,50.0,16.0,1
126,oneplus,24999,True,False,False,snapdragon,8.0,2.2,5000.0,1,8,256,120,android,64.0,16.0,1
127,samsung,25999,True,True,False,exynos,8.0,2.4,5000.0,1,6,128,90,android,48.0,13.0,1
128,google,34990,True,True,False,others,8.0,2.4278098290598287,4410.0,1,6,128,90,android,12.2,8.0,0
129,xiaomi,13466,True,False,True,dimensity,8.0,2.2,5000.0,1,4,64,90,android,50.0,5.0,1
130,xiaomi,9999,False,False,True,snapdragon,8.0,2.3,5020.0,1,4,64,60,android,48.0,16.0,1
131,motorola,7999,False,False,False,tiger,8.0,1.8,5000.0,0,4,64,90,android,48.0,8.0,1
132,nothing,28249,True,True,False,snapdragon,8.0,2.5,4500.0,1,8,256,120,android,50.0,16.0,0
133,poco,16499,True,False,True,snapdragon,8.0,2.2,5000.0,1,6,128,120,android,64.0,16.0,1
134,xiaomi,22999,True,False,True,snapdragon,8.0,2.2,5000.0,1,8,256,120,android,108.0,16.0,1
135,apple,46999,False,True,False,bionic,6.0,2.65,3110.0,0,4,128,60,ios,12.0,12.0,0
136,realme,13999,False,False,False,tiger,8.0,1.8,5000.0,1,6,128,90,android,50.0,8.0,1
137,oppo,13490,False,False,False,snapdragon,8.0,2.4,5000.0,1,6,128,90,android,50.0,16.0,1
138,iqoo,28999,True,False,True,snapdragon,8.0,3.2,4700.0,1,8,128,120,android,64.0,16.0,0
139,iqoo,15499,True,False,False,snapdragon,8.0,2.2,5000.0,1,4,128,120,android,50.0,16.0,1
140,oppo,39999,True,True,False,dimensity,8.0,2.85,4500.0,1,16,256,120,android,50.0,32.0,0
141,poco,12999,True,False,True,dimensity,8.0,2.4,5000.0,1,4,64,90,android,50.0,16.0,1
142,jio,4499,False,False,False,exynos,4.0,1.4,2800.0,0,2,64,60,android,5.0,2.0,1
143,oneplus,14999,False,False,False,snapdragon,8.0,1.8,6000.0,1,4,64,60,android,13.0,8.0,1
144,samsung,8499,False,False,False,helio,8.0,2.3,5000.0,1,4,64,60,android,13.0,5.0,1
145,iqoo,24990,True,True,False,snapdragon,8.0,3.2,4400.0,1,8,128,120,android,48.0,16.0,0
146,samsung,16999,True,True,False,exynos,8.0,2.4,6000.0,1,6,128,120,android,64.0,32.0,1
147,xiaomi,9589,False,False,False,snapdragon,8.0,2.4,6000.0,1,4,64,60,android,50.0,5.0,1
148,apple,40999,True,True,False,bionic,6.0,3.1,3279.0,0,4,64,60,ios,12.0,12.0,0
149,xiaomi,19988,True,False,True,snapdragon,8.0,2.0,5000.0,1,6,128,120,android,48.0,13.0,1
150,motorola,11999,False,True,False,snapdragon,8.0,2.4,5000.0,1,4,64,90,android,50.0,16.0,1
151,apple,142990,True,True,False,bionic,6.0,2.4278098290598287,4352.0,1,8,256,120,ios,50.0,12.0,0
152,oppo,30990,True,True,False,snapdragon,8.0,3.0,5000.0,1,8,128,120,android,108.0,16.0,1
153,infinix,19499,True,False,False,dimensity,8.0,2.6,5000.0,1,8,256,120,android,50.0,16.0,1
154,realme,5299,False,False,False,tiger,8.0,1.82,5000.0,0,2,32,60,android,8.0,5.0,1
155,oppo,25969,True,False,False,snapdragon,8.0,2.2,4500.0,1,8,128,60,android,64.0,16.0,1
156,realme,28999,True,False,False,snapdragon,8.0,3.0,5000.0,1,6,128,120,android,64.0,32.0,1
157,oppo,94990,True,True,False,snapdragon,8.0,3.2,4520.0,1,12,256,120,android,50.0,32.0,0
158,realme,14999,False,False,False,snapdragon,8.0,2.4,5000.0,1,6,128,90,android,108.0,16.0,1
159,others,14999,False,False,False,helio,8.0,2.2,5000.0,1,4,64,90,android,50.0,16.0,1
160,apple,129900,True,True,False,bionic,6.0,3.22,4352.0,1,6,128,120,ios,12.0,12.0,0
161,oppo,58990,True,True,False,snapdragon,8.0,3.2,4700.0,1,12,256,120,android,64.0,32.0,0
162,vivo,41990,True,True,True,dimensity,8.0,3.05,4810.0,1,8,128,120,android,50.0,32.0,0
163,samsung,10999,False,True,False,exynos,8.0,2.0,6000.0,1,4,64,60,android,50.0,8.0,1
164,xiaomi,11999,False,False,True,helio,8.0,2.05,5000.0,1,6,128,60,android,64.0,13.0,1
165,realme,16999,False,False,False,helio,8.0,2.2,5000.0,1,8,128,90,android,50.0,16.0,1
166,iqoo,30990,True,True,False,snapdragon,8.0,2.84,4500.0,1,8,128,120,android,48.0,16.0,0
167,infinix,17999,True,False,False,dimensity,8.0,2.4,5000.0,1,4,64,120,android,50.0,8.0,1
168,others,5499,False,False,False,tiger,4.0,2.0,4000.0,0,4,32,60,android,8.0,5.0,0
169,xiaomi,20499,True,False,True,snapdragon,8.0,2.36,5200.0,1,6,128,120,android,108.0,32.0,1
170,realme,20490,True,False,False,dimensity,8.0,2.5,5000.0,1,6,128,90,android,48.0,16.0,1
171,oppo,15490,True,False,False,snapdragon,8.0,2.0,5000.0,1,6,128,90,android,48.0,8.0,1
172,apple,29990,False,True,False,bionic,6.0,2.65,2050.0,1,3,64,60,ios,12.0,7.0,0
173,iqoo,15499,True,False,False,snapdragon,8.0,2.0,5000.0,1,6,128,120,android,50.0,8.0,1
174,xiaomi,11999,False,False,True,helio,8.0,2.05,5000.0,1,6,64,60,android,64.0,13.0,1
175,realme,10999,False,False,False,helio,8.0,2.0,5000.0,1,4,64,120,android,50.0,16.0,1
176,vivo,21990,True,False,False,dimensity,8.0,2.2,5000.0,1,8,128,60,android,50.0,16.0,1
177,vivo,31999,True,False,False,dimensity,8.0,2.0,4500.0,1,12,256,90,android,64.0,50.0,1
178,poco,11999,False,False,True,helio,8.0,2.05,5000.0,1,6,64,90,android,64.0,16.0,1
179,infinix,36999,True,False,False,dimensity,8.0,2.5,4500.0,1,8,256,120,android,200.0,32.0,1
180,tecno,6999,False,False,False,helio,4.0,2.0,5000.0,1,3,32,60,android,13.0,5.0,1
181,motorola,39999,True,True,False,snapdragon,8.0,3.2,4600.0,1,8,128,165,android,50.0,60.0,0
182,samsung,14999,True,True,False,snapdragon,8.0,2.2,5000.0,1,4,128,120,android,50.0,8.0,1
183,realme,14499,True,False,False,dimensity,8.0,2.2,5000.0,1,8,128,90,android,50.0,8.0,1
184,oneplus,27999,True,True,False,dimensity,8.0,3.1,4200.0,1,8,128,90,android,50.0,32.0,0
185,motorola,20499,True,True,False,snapdragon,8.0,2.2,5000.0,1,8,128,120,android,50.0,16.0,1
186,others,8099,False,False,False,exynos,4.0,1.6,5000.0,0,4,64,60,android,13.0,8.0,1
187,others,10999,False,False,False,tiger,4.0,1.8,5000.0,1,8,128,60,android,13.0,5.0,0
188,realme,3499,False,False,False,helio,8.0,2.0,4000.0,0,3,32,60,android,13.0,5.0,1
189,others,9990,False,False,False,helio,8.0,2.0,2150.0,0,4,64,60,android,8.0,2.0,1
190,samsung,34999,True,False,False,snapdragon,8.0,2.84,6000.0,1,6,128,90,android,64.0,32.0,1
191,nokia,46999,True,False,False,snapdragon,8.0,3.0,6000.0,1,12,256,120,android,200.0,32.0,1
192,motorola,39999,True,True,False,snapdragon,8.0,2.9,4400.0,1,8,128,144,android,50.0,32.0,0
193,realme,11828,False,False,False,tiger,8.0,1.8,5000.0,1,4,64,60,android,50.0,8.0,1
194,oppo,45999,True,True,False,dimensity,8.0,2.85,4500.0,1,12,256,120,android,50.0,32.0,0
195,oneplus,18999,True,False,False,snapdragon,8.0,2.2,5000.0,1,6,128,120,android,50.0,16.0,1
196,poco,17999,True,False,True,snapdragon,8.0,2.2,5000.0,1,8,128,120,android,64.0,16.0,1
197,samsung,8499,False,False,False,helio,8.0,2.3,5000.0,1,4,64,60,android,13.0,5.0,1
198,oppo,17999,False,False,False,snapdragon,8.0,2.4,5000.0,1,8,128,90,android,50.0,8.0,1
199,samsung,14450,False,False,False,exynos,8.0,2.0,5000.0,1,4,64,60,android,50.0,8.0,1
200,motorola,54999,True,True,False,snapdragon,8.0,3.2,4610.0,1,8,128,144,android,200.0,60.0,0
201,xiaomi,71999,True,True,True,snapdragon,8.0,3.2,5000.0,1,12,256,120,android,108.0,32.0,0
202,motorola,12999,False,True,False,snapdragon,8.0,2.4,5000.0,1,6,128,90,android,50.0,16.0,1
203,poco,11499,True,False,True,dimensity,8.0,2.2,5000.0,1,4,64,90,android,50.0,8.0,1
204,nothing,35999,True,True,False,snapdragon,8.0,2.5,4500.0,1,12,256,120,android,50.0,16.0,0
205,samsung,34999,True,True,False,exynos,8.0,2.4278098290598287,5000.0,1,6,128,120,android,50.0,32.0,1
206,tecno,11999,False,False,False,helio,8.0,2.2,6000.0,1,8,128,90,android,50.0,8.0,1
207,xiaomi,27994,True,False,True,dimensity,8.0,2.6,5000.0,1,8,256,120,android,50.0,16.0,0
208,apple,139990,True,True,False,bionic,6.0,2.4278098290598287,4323.0,1,6,256,120,ios,48.0,12.0,0
209,vivo,39999,True,False,False,dimensity,8.0,3.0,4830.0,1,12,256,120,android,64.0,32.0,0
210,realme,15499,True,False,False,dimensity,8.0,2.4,5000.0,1,6,128,90,android,48.0,16.0,1
211,realme,18999,True,False,False,snapdragon,8.0,2.2,5000.0,1,6,128,120,android,64.0,16.0,1
212,lava,10999,True,False,False,dimensity,8.0,2.2,5000.0,0,4,128,90,android,50.0,8.0,1
213,honor,27999,True,True,True,snapdragon,8.0,2.2,5100.0,1,8,256,120,android,64.0,16.0,0
214,google,81999,True,True,False,others,8.0,2.85,5000.0,1,12,128,120,android,50.0,10.8,0
215,tecno,9999,False,False,False,helio,8.0,2.0,7000.0,1,4,64,90,android,50.0,8.0,1
216,vivo,31994,True,False,False,dimensity,8.0,3.0,4300.0,1,8,128,90,android,108.0,50.0,0
217,samsung,9299,False,False,False,helio,8.0,2.3,5000.0,0,3,32,60,android,13.0,5.0,1
218,xiaomi,29990,True,True,True,snapdragon,8.0,3.2,5500.0,1,8,128,120,android,64.0,16.0,0
219,realme,25900,True,False,False,dimensity,8.0,2.5,4500.0,1,6,128,90,android,50.0,16.0,0
220,realme,16999,True,False,False,dimensity,8.0,2.4,5000.0,1,6,128,90,android,50.0,8.0,1
221,motorola,24999,True,True,False,snapdragon,8.0,2.5,4020.0,1,8,128,144,android,50.0,32.0,0
222,xiaomi,12188,False,False,True,snapdragon,8.0,2.4,5000.0,1,6,64,90,android,50.0,13.0,1
223,vivo,8999,False,False,False,helio,8.0,2.4278098290598287,5000.0,1,3,32,60,android,8.0,5.0,1
224,poco,7499,False,False,False,helio,8.0,2.3,5000.0,0,4,64,60,android,13.0,5.0,1
225,realme,17999,True,False,False,dimensity,8.0,2.4,5000.0,1,6,128,90,android,48.0,16.0,1
226,realme,24999,True,False,False,snapdragon,8.0,3.2,5000.0,1,6,128,120,android,64.0,16.0,0
227,oppo,45999,True,True,False,dimensity,8.0,2.85,4500.0,1,12,256,120,android,50.0,32.0,0
228,oneplus,65499,True,True,False,snapdragon,8.0,3.0,5000.0,1,12,256,120,android,50.0,32.0,0
229,iqoo,58990,True,True,True,snapdragon,8.0,3.2,4700.0,1,8,256,144,android,50.0,16.0,0
230,vivo,11999,False,False,False,snapdragon,8.0,2.4,5000.0,1,4,64,90,android,50.0,8.0,1
231,xiaomi,11999,False,False,True,snapdragon,8.0,2.4,6000.0,1,8,128,60,android,50.0,5.0,1
232,oppo,18990,True,False,False,dimensity,8.0,2.2,5000.0,1,6,128,90,android,50.0,8.0,1
233,vivo,14499,False,False,False,snapdragon,8.0,2.4,5000.0,1,4,128,60,android,50.0,16.0,1
234,xiaomi,106990,True,True,True,snapdragon,8.0,3.2,4500.0,1,12,256,120,android,50.0,20.0,0
235,vivo,10499,False,False,False,helio,8.0,2.3,5000.0,1,3,64,60,android,13.0,5.0,1
236,oppo,26990,True,True,False,snapdragon,8.0,2.2,4500.0,1,8,256,60,android,64.0,16.0,1
237,vivo,19990,False,False,False,helio,8.0,2.05,4050.0,1,8,128,60,android,50.0,44.0,1
238,xiaomi,24999,True,True,True,dimensity,8.0,2.6,4300.0,1,8,256,120,android,200.0,16.0,1
239,oppo,13969,False,False,False,helio,8.0,2.3,5000.0,1,4,64,60,android,13.0,8.0,1
240,samsung,44999,True,True,False,snapdragon,8.0,2.4278098290598287,5000.0,1,8,128,120,android,108.0,32.0,1
241,vivo,24999,True,False,False,snapdragon,8.0,2.4,4700.0,1,8,128,90,android,64.0,16.0,1
242,google,53100,True,True,False,others,8.0,2.85,4355.0,1,8,128,90,android,50.0,10.8,0
243,xiaomi,16999,True,False,True,dimensity,8.0,2.4,5000.0,1,6,128,90,android,50.0,16.0,1
244,oppo,21899,False,False,False,snapdragon,8.0,2.4,4500.0,1,8,128,90,android,64.0,32.0,1
245,apple,75999,True,True,False,bionic,6.0,3.22,3279.0,1,6,256,60,ios,12.0,12.0,0
246,motorola,25999,True,True,False,dimensity,8.0,2.2,5000.0,1,8,256,120,android,50.0,16.0,1
247,nubia,46990,True,True,False,snapdragon,8.0,3.2,6000.0,1,8,128,120,android,50.0,16.0,0
248,motorola,9999,False,False,False,helio,8.0,2.0,5000.0,1,4,64,60,android,50.0,13.0,1
249,tecno,49999,True,True,False,dimensity,8.0,3.05,5160.0,1,12,256,120,android,50.0,32.0,0
250,infinix,17999,False,True,False,helio,8.0,2.2,4500.0,1,8,128,90,android,108.0,60.0,1
251,iqoo,16940,True,False,False,snapdragon,8.0,2.2,5000.0,1,6,128,120,android,50.0,16.0,1
252,xiaomi,17990,True,False,True,snapdragon,8.0,2.2,5000.0,1,6,64,120,android,108.0,16.0,1
253,oppo,20990,True,True,False,snapdragon,8.0,2.2,4800.0,1,8,128,120,android,108.0,16.0,1
254,samsung,51999,True,True,False,exynos,8.0,2.4278098290598287,4200.0,1,8,128,120,android,12.0,32.0,0
255,samsung,64449,True,True,False,snapdragon,8.0,3.0,4500.0,1,8,128,120,android,50.0,10.0,0
256,vivo,8990,True,False,False,snapdragon,8.0,2.0,5000.0,1,6,64,90,android,13.0,8.0,0
257,motorola,19999,False,True,False,helio,8.0,2.0,5000.0,1,4,128,90,android,50.0,16.0,1
258,poco,13499,True,False,True,dimensity,8.0,2.2,5000.0,1,6,128,90,android,50.0,8.0,1
259,tecno,15499,True,False,False,dimensity,8.0,2.4,6000.0,1,8,128,120,android,50.0,16.0,1
260,poco,6499,False,False,False,helio,8.0,2.3,5000.0,0,3,32,60,android,13.0,5.0,1
261,apple,71999,False,True,False,bionic,6.0,2.4278098290598287,3060.0,1,4,64,60,ios,12.0,7.0,0
262,samsung,36499,True,True,False,exynos,8.0,2.4,5000.0,1,8,256,120,android,64.0,32.0,1
263,infinix,15999,True,False,False,dimensity,8.0,2.4,5000.0,1,6,64,60,android,50.0,16.0,1
264,oppo,31994,True,True,False,dimensity,8.0,3.0,4500.0,1,12,256,90,android,50.0,32.0,1
265,oneplus,34999,True,True,False,snapdragon,8.0,3.2,5000.0,1,8,128,120,android,50.0,16.0,0
266,others,18999,False,False,True,snapdragon,8.0,2.3,5000.0,1,6,128,120,android,108.0,16.0,1
267,nothing,39990,True,True,False,snapdragon,8.0,3.2,4700.0,1,8,128,120,android,50.0,32.0,0
268,samsung,16499,False,False,False,helio,8.0,2.0,5000.0,1,8,128,90,android,64.0,20.0,1
269,google,54300,True,True,False,others,8.0,2.8,5003.0,1,12,128,120,android,50.0,11.1,0
270,infinix,9999,False,False,False,helio,8.0,2.0,5000.0,1,4,64,60,android,50.0,8.0,1
271,xiaomi,15990,True,False,True,dimensity,8.0,2.2,5000.0,1,6,128,90,android,50.0,5.0,1
272,xiaomi,22700,True,False,True,snapdragon,8.0,2.2,5000.0,1,8,128,120,android,108.0,16.0,1
273,xiaomi,50990,True,True,True,snapdragon,8.0,3.0,4600.0,1,8,256,120,android,50.0,32.0,0
274,apple,64900,True,True,False,bionic,6.0,3.22,2438.0,1,4,128,60,ios,12.0,12.0,0
275,tecno,13799,False,False,False,helio,8.0,2.0,7000.0,1,6,128,90,android,50.0,8.0,1
276,realme,8999,False,False,False,tiger,8.0,1.82,5000.0,0,4,64,60,android,13.0,5.0,1
277,asus,89999,True,True,False,snapdragon,8.0,3.2,6000.0,1,18,512,165,android,50.0,12.0,0
278,vivo,21994,True,False,False,dimensity,8.0,2.4,4050.0,1,8,128,60,android,50.0,44.0,1
279,apple,69990,False,True,False,bionic,6.0,2.4278098290598287,3500.0,1,6,128,60,ios,12.0,12.0,0
280,xiaomi,12999,True,False,True,dimensity,8.0,2.2,5000.0,1,4,64,90,android,48.0,8.0,1
281,iqoo,24990,True,True,False,dimensity,8.0,3.1,5000.0,1,8,128,120,android,64.0,16.0,0
282,samsung,19990,False,False,False,snapdragon,8.0,2.4,5000.0,1,8,128,60,android,50.0,8.0,1
283,xiaomi,26999,True,False,True,dimensity,8.0,2.6,5000.0,1,8,128,120,android,50.0,16.0,0
284,xiaomi,19999,True,True,True,snapdragon,8.0,2.4,5000.0,1,8,128,120,android,50.0,16.0,0
285,infinix,16900,False,False,False,helio,8.0,2.2,5000.0,1,8,256,60,android,108.0,16.0,1
286,infinix,19999,True,False,False,dimensity,8.0,2.4,5000.0,1,6,128,120,android,50.0,8.0,1
287,apple,182999,True,True,False,bionic,6.0,2.4278098290598287,4323.0,1,6,1024,120,ios,48.0,12.0,0
288,samsung,12999,False,False,False,exynos,8.0,2.0,6000.0,1,6,128,60,android,50.0,8.0,1
289,poco,15999,True,False,True,dimensity,8.0,2.4,5000.0,1,8,128,90,android,50.0,16.0,1
290,xiaomi,13999,False,False,True,helio,8.0,2.05,5000.0,1,8,128,60,android,64.0,13.0,1
291,realme,7749,False,False,False,others,8.0,1.6,5000.0,0,4,64,60,android,8.0,5.0,1
292,samsung,24999,True,False,False,snapdragon,8.0,2.2,5000.0,1,8,128,120,android,50.0,8.0,1
293,motorola,59999,True,True,False,snapdragon,8.0,3.2,4610.0,1,12,256,144,android,200.0,60.0,0
294,oppo,25895,True,False,False,snapdragon,8.0,2.2,4500.0,1,8,128,60,android,64.0,16.0,1
295,xiaomi,46990,True,True,True,snapdragon,8.0,3.2,4500.0,1,8,128,120,android,50.0,32.0,0
296,xiaomi,7499,False,False,False,helio,8.0,2.0,5000.0,0,3,32,60,android,13.0,5.0,1
297,vivo,7790,False,False,False,helio,8.0,2.3,5000.0,1,2,32,60,android,8.0,5.0,1
298,xiaomi,25999,True,False,True,dimensity,8.0,2.85,5080.0,1,8,256,144,android,64.0,16.0,0
299,realme,6299,False,False,False,tiger,8.0,1.82,5000.0,0,3,32,60,android,8.0,5.0,1
300,motorola,12999,True,True,False,snapdragon,8.0,2.2,5000.0,0,4,64,120,android,50.0,13.0,1
301,xiaomi,11999,False,False,False,snapdragon,8.0,2.4,6000.0,1,6,128,60,android,50.0,5.0,1
302,xiaomi,21890,True,True,True,snapdragon,8.0,2.4,4250.0,1,6,128,90,android,64.0,20.0,1
303,samsung,69999,True,True,False,snapdragon,8.0,2.84,3300.0,1,8,128,120,android,12.0,10.0,0
304,apple,55999,True,True,False,bionic,6.0,3.1,3279.0,0,4,128,60,ios,12.0,12.0,0
305,oneplus,55999,True,True,False,snapdragon,8.0,3.2,4800.0,1,16,256,120,android,50.0,16.0,0
306,samsung,14999,False,False,False,exynos,8.0,2.0,5000.0,1,4,128,60,android,50.0,8.0,1
307,oppo,25994,True,True,False,dimensity,8.0,2.0,4500.0,1,8,256,90,android,64.0,32.0,1
308,oneplus,42999,True,True,False,snapdragon,8.0,2.84,4500.0,1,8,128,120,android,50.0,16.0,0
309,samsung,33499,True,True,False,exynos,8.0,2.4,5000.0,1,8,128,120,android,64.0,32.0,1
310,samsung,118999,True,True,False,snapdragon,8.0,3.0,5000.0,1,12,512,120,android,108.0,40.0,0
311,motorola,16999,True,True,False,snapdragon,8.0,2.2,5000.0,1,6,128,60,android,50.0,16.0,0
312,itel,6990,False,False,False,exynos,4.0,1.3,4000.0,0,2,32,60,android,8.0,8.0,1
313,vivo,29990,True,False,False,dimensity,8.0,2.4,5000.0,1,8,128,120,android,50.0,50.0,0
314,samsung,12944,True,False,False,dimensity,8.0,2.2,5000.0,1,4,64,90,android,50.0,5.0,1
315,poco,29990,True,True,True,dimensity,8.0,3.2,5000.0,1,8,128,144,android,64.0,32.0,0
316,honor,16999,True,True,False,snapdragon,8.0,2.2,4800.0,1,8,128,60,android,48.0,16.0,0
317,iqoo,64999,True,True,False,snapdragon,8.0,3.2,5000.0,1,16,256,144,android,50.0,16.0,0
318,samsung,154998,True,True,False,snapdragon,8.0,3.2,4400.0,1,12,256,120,android,50.0,10.0,0
319,others,109999,True,False,False,snapdragon,8.0,2.84,4450.0,0,8,128,60,android,64.0,32.0,0
320,apple,84999,True,True,False,bionic,6.0,3.22,4325.0,1,6,256,60,ios,12.0,12.0,0
321,samsung,27499,True,True,False,exynos,8.0,2.4,5000.0,1,8,128,90,android,48.0,13.0,1
322,tecno,8999,False,False,False,helio,8.0,2.3,5000.0,0,6,128,90,android,13.0,8.0,1
323,google,40480,True,True,False,others,8.0,2.8,4614.0,1,8,128,90,android,50.0,8.0,0
324,xiaomi,17999,False,False,True,snapdragon,8.0,2.3,5020.0,1,6,128,120,android,64.0,16.0,1
325,samsung,105999,True,True,False,exynos,8.0,2.9,5000.0,1,12,256,120,android,108.0,40.0,0
326,infinix,8999,False,False,False,helio,8.0,2.3,6000.0,1,4,64,90,android,13.0,8.0,1
327,vivo,14999,False,False,False,snapdragon,8.0,2.4,5000.0,1,6,128,90,android,50.0,8.0,1
328,oppo,19990,True,False,False,snapdragon,8.0,2.2,4500.0,1,8,128,90,android,64.0,32.0,1
329,iqoo,23399,True,False,False,snapdragon,8.0,2.4,4700.0,1,8,128,90,android,64.0,16.0,0
330,samsung,41990,True,True,False,snapdragon,8.0,2.4,5000.0,1,8,256,120,android,108.0,32.0,1
331,realme,22998,True,False,False,snapdragon,8.0,2.4,5000.0,1,8,128,144,android,48.0,16.0,1
332,poco,25999,True,True,False,snapdragon,8.0,3.2,4500.0,1,6,128,120,android,64.0,20.0,0
333,infinix,11700,False,False,False,helio,8.0,2.0,5000.0,1,4,64,60,android,50.0,16.0,1
334,samsung,6499,False,False,False,unisoc,4.0,1.6,5000.0,0,2,32,60,android,8.0,5.0,1
335,motorola,15999,False,True,False,snapdragon,8.0,2.3,6000.0,1,6,128,120,android,108.0,32.0,1
336,oneplus,64800,True,True,False,snapdragon,8.0,2.84,4500.0,1,8,128,120,android,48.0,16.0,0
337,xiaomi,14590,False,False,True,helio,8.0,2.05,5000.0,1,6,64,90,android,108.0,16.0,1
338,xiaomi,7499,False,False,False,helio,8.0,2.3,5000.0,0,4,64,60,android,13.0,5.0,1
339,tecno,21999,True,True,False,dimensity,8.0,2.4,5000.0,1,8,128,120,android,64.0,16.0,0
340,samsung,11999,False,False,False,helio,8.0,2.3,5000.0,1,4,64,60,android,50.0,5.0,1
341,poco,12999,False,False,True,helio,8.0,2.05,5000.0,1,6,128,90,android,64.0,16.0,1
342,oneplus,20990,True,True,False,snapdragon,8.0,2.2,4500.0,1,6,128,60,android,64.0,16.0,1
343,apple,72999,True,True,False,bionic,6.0,3.22,3240.0,1,4,256,60,ios,12.0,12.0,0
344,oppo,77990,True,True,False,snapdragon,8.0,3.2,4700.0,1,12,256,120,android,50.0,32.0,0
345,vivo,56999,True,True,True,dimensity,8.0,3.05,4870.0,1,8,256,120,android,50.3,32.0,0
346,motorola,21999,True,True,False,snapdragon,8.0,2.2,5000.0,1,4,128,120,android,50.0,16.0,1
347,motorola,9499,False,False,False,helio,8.0,2.3,5000.0,1,4,64,90,android,50.0,16.0,1
348,xiaomi,7499,False,False,False,helio,8.0,2.0,5000.0,1,4,64,60,android,13.0,5.0,1
349,jio,4649,False,False,False,snapdragon,4.0,1.3,3500.0,0,2,32,60,android,13.0,8.0,1
350,vivo,18000,False,False,False,helio,8.0,2.0,4030.0,0,4,32,60,android,13.0,8.0,1
351,xiaomi,38999,True,True,True,snapdragon,8.0,3.2,5000.0,1,8,128,120,android,54.0,16.0,0
352,realme,7145,False,False,False,unisoc,8.0,1.6,5000.0,1,2,32,60,android,8.0,5.0,1
353,vivo,14990,False,False,False,snapdragon,8.0,2.4,5000.0,1,8,128,90,android,50.0,8.0,1
354,oppo,15499,False,False,False,helio,8.0,2.3,5000.0,1,4,64,60,android,50.0,8.0,1
355,xiaomi,9999,False,False,True,helio,8.0,2.0,5000.0,0,6,128,60,android,13.0,5.0,1
356,poco,29999,True,True,False,snapdragon,8.0,3.2,4500.0,1,12,256,120,android,64.0,20.0,0
357,realme,15999,False,False,False,snapdragon,8.0,2.4,5000.0,1,8,128,90,android,108.0,16.0,1
358,xiaomi,59990,True,True,True,snapdragon,8.0,3.2,5000.0,1,8,128,120,android,200.0,20.0,0
359,iqoo,34990,True,False,False,snapdragon,8.0,2.9,4350.0,1,8,128,120,android,48.0,16.0,0
360,apple,45999,True,True,False,bionic,6.0,3.1,3279.0,0,4,128,60,ios,12.0,12.0,0
361,samsung,119990,True,False,False,snapdragon,8.0,2.4278098290598287,5100.0,1,12,256,144,android,200.0,60.0,0
362,oppo,89990,True,True,False,dimensity,8.0,3.05,4300.0,1,8,128,120,android,50.0,32.0,0
363,oneplus,50999,True,True,False,snapdragon,8.0,3.2,4800.0,1,12,256,120,android,50.0,16.0,0
364,tecno,7999,False,False,False,helio,8.0,2.3,5000.0,0,4,64,90,android,13.0,8.0,1
365,samsung,43999,True,True,False,exynos,8.0,2.9,4500.0,1,8,256,120,android,12.0,32.0,0
366,xiaomi,18499,True,False,True,dimensity,8.0,2.4,5000.0,1,8,128,90,android,50.0,16.0,1
367,sony,134999,True,True,False,snapdragon,8.0,2.84,4500.0,1,12,512,120,android,12.0,8.0,1
368,vivo,32999,True,False,False,snapdragon,8.0,2.4,4300.0,1,8,128,60,android,64.0,44.0,0
369,poco,13499,False,False,True,snapdragon,8.0,2.3,6000.0,1,6,64,120,android,64.0,20.0,1
370,samsung,35489,False,True,False,exynos,8.0,2.73,4500.0,1,8,128,120,android,12.0,32.0,1
371,google,20120,False,True,False,snapdragon,8.0,2.8,2800.0,1,6,64,60,android,16.0,8.0,0
372,samsung,42999,False,True,False,exynos,8.0,2.7,4100.0,1,8,128,60,android,16.0,10.0,1
373,realme,24999,True,False,False,dimensity,8.0,2.2,4200.0,1,6,128,90,android,50.0,16.0,0
374,oppo,20999,False,False,False,snapdragon,8.0,2.4,4500.0,1,8,128,90,android,64.0,32.0,1
375,realme,28994,True,True,False,snapdragon,8.0,2.84,5000.0,1,8,128,120,android,50.0,16.0,0
376,samsung,48900,True,True,False,exynos,8.0,2.9,4000.0,1,8,128,120,android,64.0,10.0,0
377,samsung,22494,False,False,False,snapdragon,8.0,2.2,4500.0,1,8,128,60,android,64.0,32.0,1
378,vivo,8990,False,False,False,helio,8.0,2.3,5000.0,1,3,32,60,android,8.0,5.0,1
379,others,6999,False,False,False,unisoc,8.0,2.4278098290598287,4000.0,0,4,32,60,android,13.0,8.0,0
380,tecno,8890,False,False,False,unisoc,8.0,2.0,5000.0,0,4,64,90,android,13.0,8.0,1
381,iqoo,18498,True,False,False,snapdragon,8.0,2.2,5000.0,1,8,128,120,android,50.0,16.0,1
382,vivo,23999,True,False,False,snapdragon,8.0,2.4,4700.0,1,6,128,90,android,64.0,16.0,1
383,realme,22994,True,False,False,dimensity,8.0,2.5,4500.0,1,8,128,90,android,50.0,16.0,0
384,samsung,12990,False,False,False,exynos,8.0,2.0,5000.0,1,4,64,90,android,50.0,5.0,1
385,realme,14999,False,False,False,snapdragon,8.0,2.4,5000.0,1,6,128,90,android,50.0,16.0,1
386,realme,18499,True,False,False,dimensity,8.0,2.2,5000.0,1,8,128,90,android,48.0,16.0,1
387,oppo,14990,False,False,False,snapdragon,8.0,2.0,5000.0,1,6,128,60,android,48.0,16.0,1
388,oppo,70990,True,True,False,dimensity,8.0,3.2,4300.0,1,8,256,120,android,50.0,32.0,0
389,samsung,12120,False,False,False,helio,8.0,2.0,6000.0,1,4,64,90,android,64.0,20.0,1
390,others,29990,False,True,False,helio,8.0,2.0,21000.0,1,8,256,60,android,64.0,16.0,1
391,realme,20999,True,False,False,snapdragon,8.0,2.2,5000.0,1,8,128,120,android,64.0,16.0,1
392,xiaomi,11999,False,False,True,snapdragon,8.0,2.3,5020.0,1,6,128,60,android,48.0,16.0,1
393,samsung,17990,True,True,False,dimensity,8.0,2.2,5000.0,1,4,64,90,android,50.0,5.0,1
394,xiaomi,14990,True,False,True,dimensity,8.0,2.4,5000.0,1,4,128,90,android,50.0,16.0,1
395,itel,6490,False,False,False,others,4.0,1.3,5000.0,0,1,16,60,android,8.0,8.0,0
396,realme,34999,True,True,False,snapdragon,8.0,3.2,4600.0,1,8,128,120,android,50.0,16.0,0
397,apple,149900,True,True,False,bionic,8.0,2.4278098290598287,4700.0,1,8,128,120,ios,48.0,12.0,0
398,poco,6499,False,False,False,helio,4.0,2.0,5000.0,1,2,32,60,android,8.0,5.0,1
399,samsung,104999,True,True,False,snapdragon,8.0,3.2,4500.0,1,12,256,120,android,200.0,10.0,1
400,realme,13999,False,False,False,snapdragon,8.0,2.4,5000.0,1,4,128,90,android,50.0,16.0,1
401,xiaomi,16999,True,False,True,dimensity,8.0,2.4,5000.0,1,6,64,90,android,50.0,16.0,1
402,vivo,79999,True,True,False,snapdragon,8.0,3.0,4700.0,1,12,256,120,android,50.0,32.0,0
403,oppo,36760,True,True,False,dimensity,8.0,3.0,4500.0,1,12,256,90,android,64.0,32.0,0
404,xiaomi,23499,True,False,True,dimensity,8.0,2.5,5160.0,1,6,128,120,android,108.0,16.0,1
405,asus,75990,True,True,False,snapdragon,8.0,3.2,6000.0,1,18,256,165,android,64.0,32.0,0
406,oppo,21990,True,False,False,snapdragon,8.0,2.4,5000.0,1,6,128,90,android,48.0,8.0,1
407,realme,18999,True,False,False,snapdragon,8.0,2.4,5000.0,1,6,128,144,android,48.0,16.0,1
408,samsung,7249,False,False,False,unisoc,8.0,1.6,5000.0,1,3,32,60,android,48.0,5.0,1
409,oneplus,16990,True,True,False,snapdragon,8.0,2.0,5000.0,1,4,64,90,android,13.0,16.0,1
410,xiaomi,23890,True,False,True,snapdragon,8.0,3.2,4520.0,1,6,128,120,android,48.0,20.0,0
411,oppo,26380,True,True,False,dimensity,8.0,2.0,4300.0,1,8,128,90,android,64.0,32.0,0
412,realme,27999,True,True,False,snapdragon,8.0,2.84,4200.0,1,12,256,90,android,64.0,32.0,0
413,xiaomi,10850,False,False,False,helio,8.0,2.0,5000.0,0,6,128,60,android,13.0,5.0,1
414,others,19999,True,True,True,snapdragon,8.0,2.4,5000.0,1,6,128,120,android,108.0,16.0,0
415,apple,129990,True,True,False,bionic,6.0,2.4278098290598287,3200.0,1,6,256,120,ios,48.0,12.0,0
416,motorola,19990,True,True,False,snapdragon,8.0,2.2,5000.0,1,6,128,120,android,108.0,16.0,0
417,motorola,41990,True,True,False,snapdragon,8.0,3.2,4450.0,1,8,128,144,android,200.0,60.0,0
418,xiaomi,69990,True,True,True,snapdragon,8.0,3.2,4860.0,1,8,256,120,android,50.0,32.0,0
419,honor,39990,True,True,False,snapdragon,8.0,2.5,4800.0,1,12,512,120,android,54.0,32.0,0
420,oneplus,74999,True,True,False,snapdragon,8.0,3.0,5000.0,1,12,512,120,android,50.0,32.0,0
421,vivo,36994,True,False,False,dimensity,8.0,3.0,4300.0,1,12,256,90,android,108.0,50.0,0
422,oppo,14700,False,False,False,helio,8.0,2.3,5000.0,1,6,128,60,android,50.0,16.0,1
423,xiaomi,34990,True,True,True,snapdragon,8.0,2.84,5000.0,1,8,128,120,android,108.0,16.0,0
424,nokia,34999,True,False,False,snapdragon,6.0,2.4278098290598287,6000.0,1,6,64,60,android,108.0,32.0,1
425,xiaomi,13990,False,False,True,snapdragon,8.0,2.2,5000.0,1,4,64,60,android,48.0,13.0,1
426,samsung,14859,False,False,False,helio,8.0,2.0,6000.0,1,6,128,90,android,64.0,20.0,1
427,tecno,17999,False,True,False,helio,8.0,2.05,5000.0,1,8,128,120,android,64.0,32.0,1
428,poco,34990,True,True,False,snapdragon,8.0,3.2,4700.0,1,8,128,120,android,64.0,32.0,0
429,others,14990,True,True,False,dimensity,8.0,2.4,5000.0,1,8,128,60,android,48.0,16.0,1
430,oppo,8999,False,False,False,helio,8.0,2.0,4230.0,0,3,32,60,android,13.0,5.0,1
431,motorola,8999,False,False,False,helio,8.0,2.3,5000.0,1,4,64,90,android,50.0,8.0,1
432,xiaomi,15824,False,False,True,helio,8.0,2.05,5000.0,1,8,128,90,android,108.0,16.0,1
433,apple,43900,True,True,False,bionic,6.0,3.22,3279.0,0,4,64,60,ios,12.0,7.0,0
434,samsung,22494,False,False,False,snapdragon,8.0,2.3,4500.0,1,8,128,90,android,64.0,32.0,1
435,poco,19650,False,False,True,snapdragon,8.0,2.96,5160.0,1,6,128,120,android,48.0,20.0,1
436,xiaomi,6999,False,False,False,helio,8.0,2.0,5000.0,0,2,32,60,android,13.0,5.0,1
437,samsung,16499,False,False,False,helio,8.0,2.0,5000.0,1,6,128,90,android,64.0,20.0,1
438,motorola,15999,False,True,False,helio,8.0,2.0,5000.0,1,4,128,90,android,50.0,8.0,1
439,asus,72999,True,True,False,dimensity,8.0,3.2,6000.0,1,16,256,165,android,50.0,12.0,0
440,xiaomi,26999,True,False,True,dimensity,8.0,2.6,4980.0,1,6,128,120,android,200.0,16.0,0
441,infinix,6999,False,False,False,helio,4.0,2.0,5000.0,0,2,32,60,android,8.0,5.0,1
442,apple,130990,True,True,False,bionic,6.0,2.4278098290598287,3279.0,0,8,128,120,ios,50.0,12.0,0
443,realme,12787,False,False,False,tiger,8.0,1.8,5000.0,1,4,128,90,android,50.0,8.0,1
444,infinix,9999,False,False,False,helio,8.0,2.3,6000.0,1,4,64,90,android,50.0,8.0,1
445,vivo,54999,True,False,False,dimensity,8.0,3.05,4500.0,1,8,128,120,android,50.0,32.0,0
446,vivo,15490,False,False,False,helio,8.0,2.0,5000.0,1,8,128,60,android,64.0,16.0,1
447,tecno,25999,False,False,False,helio,8.0,2.05,4700.0,1,8,256,90,android,50.0,48.0,0
448,samsung,9499,False,False,False,helio,8.0,2.3,5000.0,1,4,128,60,android,13.0,5.0,1
449,others,7999,False,False,False,helio,8.0,2.0,5000.0,0,4,64,60,android,50.0,5.0,1
450,asus,63990,True,True,False,snapdragon,8.0,3.2,4300.0,1,8,128,120,android,50.0,12.0,0
451,sony,15990,False,True,False,helio,8.0,2.3,4000.0,1,4,64,60,android,13.0,8.0,1
452,iqoo,34949,True,True,False,snapdragon,8.0,2.84,4500.0,1,12,256,120,android,48.0,16.0,0
453,tecno,8799,False,False,False,helio,8.0,2.0,5000.0,1,4,64,60,android,48.0,8.0,1
454,xiaomi,12390,False,False,True,helio,8.0,2.0,6000.0,1,4,64,90,android,50.0,8.0,1
455,samsung,11499,False,False,False,helio,8.0,2.0,6000.0,0,4,64,90,android,48.0,13.0,1
456,oppo,42990,True,True,False,dimensity,8.0,3.05,5000.0,1,16,256,120,android,50.0,32.0,0
457,nubia,34999,True,True,False,snapdragon,8.0,3.2,5000.0,1,8,128,144,android,64.0,16.0,0
458,samsung,11999,False,True,False,exynos,8.0,2.0,6000.0,1,4,128,60,android,50.0,8.0,1
459,nokia,10499,False,False,False,unisoc,8.0,1.6,5000.0,1,4,64,90,android,50.0,8.0,1
460,infinix,8910,False,False,False,tiger,8.0,1.82,6000.0,1,4,64,90,android,13.0,8.0,1
461,vivo,24990,True,False,False,snapdragon,8.0,3.2,4700.0,1,8,128,120,android,64.0,16.0,1
462,oppo,17999,True,True,False,snapdragon,8.0,2.2,4500.0,1,8,128,60,android,64.0,16.0,1
463,xiaomi,22999,True,True,True,snapdragon,8.0,2.4,4250.0,1,8,128,90,android,64.0,20.0,1
464,realme,6490,False,False,False,unisoc,8.0,1.6,5000.0,0,2,32,60,android,8.0,5.0,1
465,infinix,21990,True,False,False,helio,8.0,2.05,4500.0,1,8,128,120,android,108.0,16.0,1
466,samsung,12364,False,False,False,helio,8.0,2.0,6000.0,1,4,64,90,android,64.0,20.0,1
467,samsung,39990,True,True,False,snapdragon,8.0,2.96,4500.0,1,6,128,120,android,64.0,10.0,1
468,xiaomi,11999,False,False,False,snapdragon,8.0,2.8,4000.0,1,6,64,60,android,12.0,20.0,1
469,vivo,7499,False,False,False,helio,4.0,1.3,1900.0,0,1,16,60,android,5.0,2.0,1
470,others,3990,False,False,False,snapdragon,8.0,1.5,3500.0,0,3,32,60,android,13.0,5.0,1
471,motorola,10499,False,False,False,tiger,8.0,2.0,5000.0,1,2,64,60,android,13.0,5.0,1
472,tecno,6299,False,False,False,helio,4.0,2.0,5000.0,0,2,32,60,android,8.0,5.0,1
473,itel,5990,False,False,False,unisoc,4.0,1.4,3020.0,0,2,32,60,android,2.0,0.3,1
474,vivo,113990,True,True,False,snapdragon,8.0,3.2,4730.0,1,12,256,120,android,50.0,16.0,0
475,huawei,239999,False,True,True,snapdragon,8.0,3.2,4700.0,1,12,512,120,other,50.0,13.0,1
476,samsung,21999,True,True,False,dimensity,8.0,2.0,7000.0,1,6,128,60,android,64.0,32.0,1
477,iqoo,15999,False,False,False,snapdragon,8.0,2.4,5000.0,1,6,128,120,android,50.0,16.0,1
478,sony,69990,True,True,False,snapdragon,8.0,2.84,4000.0,1,8,128,120,android,12.0,8.0,1
479,vivo,12990,False,False,False,helio,8.0,2.3,5000.0,1,4,128,60,android,13.0,16.0,1
480,sony,92980,True,True,False,snapdragon,8.0,3.0,5000.0,1,12,512,120,android,12.0,12.0,1
481,tecno,15999,False,False,False,helio,8.0,2.2,6000.0,1,8,256,90,android,50.0,8.0,1
482,huawei,23999,False,True,False,snapdragon,8.0,2.4,4500.0,1,8,256,90,android,108.0,16.0,1
483,vivo,12999,False,False,False,snapdragon,8.0,2.4,5000.0,1,4,128,90,android,50.0,8.0,1
484,nubia,60990,True,True,False,snapdragon,8.0,3.2,5000.0,1,12,256,120,android,64.0,8.0,0
485,motorola,8859,False,False,False,helio,8.0,1.8,5000.0,1,4,64,90,android,16.0,8.0,1
486,iqoo,33749,True,False,True,snapdragon,8.0,3.2,4700.0,1,12,256,120,android,64.0,16.0,0
487,samsung,15990,False,False,False,exynos,8.0,2.4278098290598287,5000.0,1,6,64,60,android,48.0,8.0,1
488,poco,24990,True,True,True,dimensity,8.0,2.85,5080.0,1,8,128,144,android,64.0,16.0,0
489,realme,14999,True,False,False,dimensity,8.0,2.4,5000.0,1,4,128,90,android,48.0,16.0,1
490,vivo,17990,True,False,False,dimensity,8.0,2.2,4500.0,1,6,128,120,android,50.0,8.0,1
491,honor,24990,True,False,False,dimensity,8.0,2.0,4300.0,1,8,128,120,android,64.0,16.0,0
492,xiaomi,11600,False,False,True,helio,8.0,2.2,5000.0,1,4,64,90,android,50.0,8.0,1
493,realme,8299,False,False,False,tiger,8.0,1.82,5000.0,0,3,32,60,android,13.0,5.0,1
494,motorola,11999,False,False,False,helio,8.0,2.0,5000.0,1,6,128,60,android,50.0,13.0,1
495,samsung,89999,True,True,False,snapdragon,8.0,3.2,3700.0,1,8,128,120,android,12.0,10.0,0
496,oneplus,27999,False,True,False,snapdragon,8.0,2.8,3300.0,0,8,128,60,android,20.0,16.0,0
497,google,15990,False,True,False,snapdragon,8.0,2.35,3520.0,1,4,128,60,android,12.2,8.0,0
498,xiaomi,7289,False,False,False,helio,4.0,2.0,5000.0,1,2,32,60,android,8.0,5.0,1
499,honor,30990,True,True,False,snapdragon,8.0,2.5,4800.0,1,8,256,120,android,54.0,32.0,0
500,realme,15499,False,False,False,helio,8.0,2.0,5000.0,1,6,128,120,android,50.0,16.0,1
501,vivo,8499,False,False,False,helio,8.0,2.3,5000.0,0,3,32,60,android,13.0,8.0,1
502,samsung,14490,False,False,False,helio,8.0,2.0,6000.0,1,6,128,90,android,64.0,20.0,1
503,samsung,15490,True,False,False,dimensity,8.0,2.2,5000.0,1,6,128,90,android,64.0,8.0,1
504,realme,14990,True,False,False,snapdragon,8.0,2.2,5000.0,1,6,128,120,android,50.0,16.0,1
505,poco,15999,True,False,True,dimensity,8.0,2.2,5000.0,1,4,64,90,android,48.0,8.0,1
506,google,36000,True,True,False,snapdragon,8.0,2.4,4080.0,1,8,128,90,android,16.0,8.0,0
507,oneplus,69999,True,True,False,snapdragon,8.0,3.2,4800.0,1,12,256,144,android,108.0,32.0,0
508,xiaomi,26990,True,True,True,dimensity,8.0,2.6,4300.0,1,8,256,120,android,200.0,16.0,0
509,samsung,10630,False,False,False,exynos,8.0,2.0,6000.0,1,4,64,60,android,50.0,8.0,1
510,oppo,42990,True,True,False,dimensity,8.0,2.85,4500.0,1,8,256,120,android,50.0,32.0,0
511,vivo,24990,True,False,False,dimensity,8.0,3.0,4500.0,1,8,128,90,android,50.0,16.0,0
512,iqoo,14489,False,False,False,snapdragon,8.0,2.4,5000.0,1,4,128,120,android,50.0,16.0,1
513,oppo,16490,False,False,False,snapdragon,8.0,2.4,5000.0,1,6,128,90,android,13.0,8.0,1
514,realme,24494,True,False,False,dimensity,8.0,2.5,4500.0,1,8,256,90,android,50.0,16.0,0
515,vivo,7999,False,False,False,helio,8.0,2.3,5000.0,0,2,32,60,android,8.0,5.0,1
516,motorola,23990,True,False,False,snapdragon,8.0,2.9,5000.0,1,6,128,144,android,108.0,16.0,0
517,realme,49959,True,True,False,snapdragon,8.0,3.0,5000.0,1,8,128,120,android,50.0,32.0,0
518,apple,129900,True,True,False,bionic,6.0,3.22,3095.0,1,6,256,120,ios,12.0,12.0,0
519,vivo,19990,False,False,False,helio,8.0,2.05,4000.0,1,8,128,60,android,64.0,16.0,1
520,samsung,14990,False,True,False,exynos,8.0,2.4278098290598287,5000.0,1,4,64,60,android,50.0,16.0,1
521,vivo,23269,False,False,False,snapdragon,8.0,2.3,4000.0,1,8,128,60,android,64.0,44.0,1
522,xiaomi,13999,False,False,True,snapdragon,8.0,2.3,5020.0,1,4,64,60,android,48.0,16.0,1
523,oneplus,35389,True,True,False,dimensity,8.0,2.85,5000.0,1,8,128,120,android,50.0,16.0,0
524,google,79700,True,True,False,others,8.0,2.8,5003.0,1,12,256,120,android,50.0,11.1,0
525,nokia,9499,False,False,False,unisoc,8.0,1.6,5050.0,1,3,32,60,android,13.0,5.0,1
526,infinix,12340,False,False,False,tiger,8.0,2.0,5000.0,1,8,128,90,android,50.0,8.0,1
527,poco,10799,False,False,True,helio,8.0,2.2,5000.0,1,4,64,90,android,50.0,8.0,1
528,xiaomi,14990,False,False,False,snapdragon,8.0,2.4,6000.0,1,4,128,60,android,50.0,5.0,1
529,others,61990,True,True,False,snapdragon,8.0,3.0,5000.0,1,8,128,120,android,64.0,16.0,0
530,xiaomi,51880,True,True,True,snapdragon,8.0,3.0,4600.0,1,12,256,120,android,50.0,32.0,0
531,oppo,16990,False,False,False,snapdragon,8.0,2.4,5000.0,1,8,128,90,android,50.0,16.0,1
532,huawei,19990,False,True,False,snapdragon,8.0,2.4,4000.0,1,8,128,90,android,108.0,16.0,1
533,samsung,57999,True,True,False,snapdragon,8.0,3.0,3700.0,1,8,256,120,android,50.0,10.0,0
534,others,46990,True,True,False,snapdragon,8.0,3.0,5600.0,1,12,256,144,android,64.0,16.0,0
535,vivo,20990,True,True,False,dimensity,8.0,2.2,5000.0,1,4,128,60,android,50.0,8.0,1
536,nokia,17990,True,True,False,snapdragon,8.0,2.0,4470.0,1,6,128,60,android,48.0,16.0,1
537,realme,17499,True,False,False,dimensity,8.0,2.4,5000.0,1,8,128,90,android,64.0,16.0,1
538,realme,17999,True,False,False,dimensity,8.0,2.4,5000.0,1,6,128,90,android,64.0,16.0,1
539,nokia,49990,True,False,False,snapdragon,8.0,3.2,6000.0,1,8,128,144,android,200.0,32.0,1
540,poco,14999,True,False,True,snapdragon,8.0,2.2,5000.0,1,4,128,120,android,48.0,8.0,0
541,xiaomi,19980,False,False,True,snapdragon,8.0,2.3,5020.0,1,6,128,120,android,108.0,16.0,1
542,iqoo,35990,True,True,False,snapdragon,8.0,3.2,4400.0,1,12,256,120,android,48.0,16.0,0
543,realme,15999,False,False,False,helio,8.0,2.0,5000.0,1,4,128,60,android,64.0,16.0,1
544,samsung,41999,False,True,False,exynos,8.0,2.73,4000.0,1,8,128,120,android,64.0,10.0,1
545,xiaomi,25999,True,True,True,dimensity,8.0,3.1,5500.0,1,8,128,120,android,48.0,20.0,0
546,motorola,7990,False,False,False,helio,8.0,1.8,5000.0,1,3,32,90,android,16.0,8.0,1
547,oneplus,29990,True,True,False,dimensity,8.0,3.0,4500.0,1,8,128,90,android,50.0,32.0,0
548,oppo,27990,True,False,False,snapdragon,8.0,2.36,4500.0,1,8,128,90,android,50.0,16.0,1
549,poco,29999,True,True,True,snapdragon,8.0,3.2,5500.0,1,8,128,120,android,64.0,16.0,0
550,oppo,8999,False,False,False,helio,8.0,2.0,4230.0,0,4,64,60,android,13.0,5.0,1
551,poco,13999,False,False,True,helio,8.0,2.05,5000.0,1,8,128,90,android,64.0,16.0,1
552,realme,11499,False,False,False,helio,8.0,2.0,6000.0,1,4,64,60,android,50.0,8.0,1
553,asus,39999,True,True,False,snapdragon,8.0,2.9,6000.0,1,8,128,144,android,64.0,24.0,0
554,realme,27999,True,True,False,snapdragon,8.0,2.4,4300.0,1,8,128,120,android,64.0,32.0,0
555,samsung,24499,True,True,False,dimensity,8.0,2.0,5000.0,1,6,128,90,android,48.0,13.0,1
556,nubia,60999,True,True,False,snapdragon,8.0,3.2,5000.0,1,12,256,120,android,50.0,16.0,0
557,samsung,110999,True,True,False,snapdragon,8.0,2.84,4400.0,1,12,256,120,android,12.0,10.0,0
558,others,54999,True,True,False,snapdragon,8.0,2.4,4000.0,1,8,128,60,android,64.0,32.0,0
559,xiaomi,16490,False,False,True,snapdragon,8.0,2.3,5020.0,1,6,64,60,android,64.0,32.0,1
560,samsung,24990,False,False,False,snapdragon,8.0,2.3,4500.0,1,6,128,90,android,64.0,32.0,1
561,vivo,25000,False,False,False,snapdragon,4.0,1.4,3360.0,0,3,16,60,android,13.0,5.0,1
562,samsung,9950,False,False,False,helio,8.0,2.3,5000.0,0,3,64,60,android,13.0,5.0,1
563,oppo,12999,True,False,False,dimensity,8.0,2.4,5000.0,0,8,128,60,android,13.0,8.0,1
564,oppo,19999,False,True,False,helio,8.0,2.2,5000.0,1,8,256,120,android,50.0,16.0,1
565,oppo,32999,True,True,False,snapdragon,8.0,2.5,5000.0,1,8,256,120,android,50.0,32.0,0
566,nokia,28498,True,True,False,snapdragon,8.0,2.2,4500.0,1,6,128,120,android,50.0,8.0,1
567,oppo,15998,False,False,False,helio,8.0,2.3,5000.0,1,4,128,60,android,50.0,8.0,1
568,motorola,59990,True,True,False,snapdragon,8.0,3.2,4800.0,1,8,128,165,android,50.0,60.0,0
569,oppo,16990,True,False,False,snapdragon,8.0,2.2,5000.0,1,6,128,120,android,64.0,16.0,0
570,iqoo,27999,True,False,False,snapdragon,8.0,2.4,4700.0,1,12,256,90,android,64.0,16.0,0
571,nokia,13499,False,False,False,unisoc,8.0,1.6,5050.0,1,6,128,90,android,50.0,8.0,1
572,samsung,16499,False,False,False,exynos,8.0,2.0,5000.0,1,6,128,60,android,50.0,8.0,1
573,oppo,10999,False,False,False,helio,8.0,2.3,4230.0,0,4,64,60,android,13.0,5.0,1
574,xiaomi,13990,False,False,False,snapdragon,8.0,2.4,6000.0,1,4,64,60,android,50.0,5.0,1
575,tecno,9999,False,False,False,helio,8.0,2.0,5000.0,1,4,64,90,android,48.0,32.0,1
576,realme,31994,True,True,False,dimensity,8.0,2.85,5000.0,1,8,128,120,android,50.0,16.0,0
577,xiaomi,24820,True,False,True,dimensity,8.0,2.5,4500.0,1,6,128,120,android,108.0,16.0,1
578,iqoo,22990,True,False,False,snapdragon,8.0,3.2,4700.0,1,8,128,120,android,64.0,16.0,0
579,iqoo,59990,True,True,False,snapdragon,8.0,3.0,4700.0,1,8,256,120,android,50.0,16.0,0
580,realme,8999,False,False,False,unisoc,8.0,1.6,5000.0,0,4,64,60,android,8.0,5.0,1
581,xiaomi,10499,False,False,False,helio,8.0,2.3,5000.0,0,6,128,60,android,13.0,5.0,1
582,jio,7499,False,False,False,snapdragon,4.0,1.3,3000.0,0,3,32,60,android,13.0,8.0,1
583,xiaomi,9990,False,False,True,helio,8.0,2.0,4000.0,1,4,64,60,android,48.0,13.0,1
584,xiaomi,12490,True,False,True,dimensity,8.0,2.2,5000.0,1,4,128,90,android,48.0,8.0,1
585,vivo,13990,False,False,False,helio,8.0,2.0,5000.0,1,4,64,60,android,13.0,8.0,1
586,samsung,17990,True,False,False,dimensity,8.0,2.2,5000.0,1,6,128,90,android,48.0,8.0,1
587,vivo,24999,False,False,False,dimensity,8.0,2.4,4000.0,1,8,128,90,android,64.0,44.0,1
588,realme,21999,False,False,False,snapdragon,8.0,2.3,4500.0,1,8,128,60,android,64.0,32.0,1
589,oneplus,19999,False,False,False,snapdragon,8.0,2.0,4300.0,1,8,128,90,android,48.0,16.0,0
590,samsung,99999,True,True,False,exynos,8.0,2.73,5000.0,1,12,128,60,android,108.0,40.0,1
591,apple,109900,False,True,False,bionic,6.0,2.65,3500.0,1,4,64,60,ios,12.0,12.0,0
592,apple,52990,False,False,False,others,4.0,2.37,2230.0,0,3,32,60,ios,13.0,7.0,0
593,sony,19990,False,True,False,snapdragon,8.0,2.0,5000.0,1,8,128,120,android,50.0,16.0,1
594,samsung,11499,False,False,False,helio,8.0,2.3,5000.0,0,4,128,60,android,13.0,5.0,1
595,xiaomi,13999,False,False,True,helio,8.0,2.2,5000.0,1,4,64,120,android,48.0,13.0,1
596,vivo,28990,True,False,False,snapdragon,8.0,2.2,5000.0,1,8,256,120,android,108.0,32.0,1
597,poco,27999,True,True,False,snapdragon,8.0,3.2,4500.0,1,8,128,120,android,64.0,20.0,0
598,xiaomi,19990,True,True,True,dimensity,8.0,2.85,5080.0,1,6,128,144,android,64.0,16.0,1
599,realme,22999,True,False,False,dimensity,8.0,2.5,5000.0,1,8,128,90,android,48.0,16.0,1
600,vivo,17999,False,False,False,snapdragon,8.0,2.4,5000.0,1,8,128,60,android,50.0,16.0,1
601,xiaomi,15499,False,False,True,helio,8.0,2.05,5000.0,1,6,128,90,android,108.0,16.0,1
602,lava,17990,True,False,False,dimensity,8.0,2.4,5000.0,1,8,128,90,android,64.0,16.0,1
603,realme,13999,False,False,False,helio,8.0,2.05,5000.0,1,6,128,120,android,50.0,16.0,1
604,oppo,13499,False,False,False,helio,8.0,2.3,5000.0,1,4,64,60,android,50.0,16.0,1
605,poco,14799,True,False,True,dimensity,8.0,2.2,5000.0,1,6,128,90,android,48.0,8.0,1
606,realme,6999,False,False,False,unisoc,8.0,1.8,5000.0,0,3,32,60,android,13.0,5.0,1
607,oppo,11999,False,False,False,helio,8.0,2.3,5000.0,0,4,64,60,android,13.0,8.0,1
608,vivo,23994,True,False,False,dimensity,8.0,2.4,4000.0,1,8,128,90,android,64.0,44.0,1
609,apple,139900,True,True,False,bionic,6.0,3.1,3279.0,0,6,512,60,ios,12.0,12.0,0
610,sony,69999,True,True,False,snapdragon,8.0,2.84,4000.0,1,8,256,60,android,12.0,8.0,1
611,motorola,57999,True,True,False,snapdragon,8.0,2.84,5000.0,1,12,256,90,android,108.0,25.0,0
612,samsung,86000,False,True,False,exynos,8.0,2.73,4300.0,1,8,256,60,android,64.0,10.0,0
613,samsung,11999,False,False,False,helio,8.0,2.3,5000.0,1,4,64,60,android,48.0,8.0,1
614,xiaomi,14999,False,True,True,snapdragon,8.0,2.3,5000.0,1,6,128,120,android,50.0,16.0,0
615,realme,26499,True,False,False,snapdragon,8.0,3.2,5000.0,1,8,128,120,android,64.0,16.0,0
616,realme,8990,False,False,False,unisoc,8.0,1.6,5000.0,1,4,64,60,android,8.0,5.0,1
617,apple,95999,True,True,False,bionic,6.0,3.22,3279.0,1,6,512,60,ios,12.0,12.0,0
618,iqoo,47990,True,True,True,snapdragon,8.0,3.2,4700.0,1,8,128,120,android,50.0,16.0,0
619,tecno,17990,False,False,False,helio,8.0,2.05,5000.0,1,8,128,120,android,64.0,32.0,0
620,oneplus,22999,True,True,False,snapdragon,8.0,2.2,5000.0,1,8,128,120,android,64.0,16.0,1
621,samsung,99990,True,True,False,snapdragon,8.0,3.0,5000.0,1,8,128,120,android,108.0,40.0,0
622,poco,39999,True,True,True,snapdragon,8.0,3.0,4700.0,1,8,128,120,android,64.0,20.0,0
623,xiaomi,38999,True,True,True,snapdragon,8.0,2.84,5000.0,1,12,256,120,android,108.0,16.0,0
624,vivo,12490,False,False,False,helio,8.0,2.3,5000.0,0,4,128,60,android,13.0,8.0,0
625,samsung,39990,True,True,False,snapdragon,8.0,3.2,4500.0,1,6,128,120,android,64.0,10.0,1
626,vivo,16685,False,False,False,helio,8.0,2.0,5000.0,1,8,128,60,android,50.0,16.0,1
627,huawei,69990,False,True,True,others,8.0,3.13,4400.0,1,8,128,90,other,50.0,13.0,1
628,others,6999,False,False,False,unisoc,8.0,1.8,5000.0,0,4,64,60,android,13.0,5.0,1
629,asus,71999,True,True,False,snapdragon,8.0,3.2,6000.0,1,12,256,165,android,50.0,12.0,0
630,realme,26999,True,True,False,dimensity,8.0,3.0,4500.0,1,8,128,120,android,64.0,16.0,0
631,realme,16499,True,False,False,dimensity,8.0,2.2,5000.0,1,4,128,90,android,48.0,16.0,1
632,oppo,17990,True,False,False,dimensity,8.0,2.2,5000.0,0,6,128,60,android,13.0,8.0,1
633,xiaomi,8999,False,False,False,helio,8.0,2.3,5000.0,0,4,64,60,android,13.0,5.0,1
634,apple,39900,False,True,False,bionic,6.0,2.65,1821.0,1,3,64,60,ios,12.0,7.0,0
635,others,5999,False,False,False,tiger,4.0,1.8,4000.0,1,6,64,60,android,8.0,5.0,0
636,oneplus,34999,True,True,False,dimensity,8.0,2.4278098290598287,5000.0,1,8,128,120,android,64.0,32.0,0
637,vivo,16990,True,False,False,dimensity,8.0,2.0,6000.0,1,8,128,60,android,50.0,8.0,0
638,oppo,22990,True,True,False,snapdragon,8.0,2.2,4800.0,1,8,128,120,android,50.0,32.0,1
639,vivo,19990,False,False,False,helio,8.0,2.2,4500.0,1,8,256,90,android,64.0,32.0,1
640,infinix,10850,False,False,False,tiger,8.0,2.0,5000.0,1,6,64,90,android,50.0,8.0,1
641,realme,13499,True,False,False,dimensity,8.0,2.4,5000.0,1,4,64,90,android,48.0,16.0,1
642,itel,6699,False,False,False,unisoc,8.0,1.6,5000.0,1,3,64,60,android,8.0,5.0,1
643,oppo,17999,False,False,False,snapdragon,8.0,2.4,5000.0,1,8,128,90,android,50.0,16.0,1
644,xiaomi,13990,True,False,True,dimensity,8.0,2.2,5000.0,1,4,128,90,android,50.0,5.0,0
645,honor,94990,True,True,False,snapdragon,8.0,3.0,4600.0,1,12,512,120,android,50.0,13.0,0
646,tecno,8968,False,False,False,helio,8.0,2.3,5000.0,1,4,64,60,android,50.0,8.0,1
647,infinix,7320,False,False,False,helio,4.0,2.0,5000.0,0,2,64,60,android,8.0,5.0,1
648,realme,8999,False,False,False,tiger,8.0,1.8,5000.0,1,4,64,60,android,50.0,8.0,1
649,samsung,13999,False,False,False,helio,8.0,2.3,5000.0,1,6,128,60,android,48.0,8.0,1
650,tecno,14746,False,True,False,helio,8.0,2.0,5000.0,1,6,128,60,android,64.0,16.0,1
651,xiaomi,16999,True,True,True,dimensity,8.0,2.6,5000.0,1,6,128,120,android,64.0,16.0,1
652,xiaomi,25990,True,False,True,snapdragon,8.0,3.2,4520.0,1,8,128,120,android,48.0,20.0,0
653,xiaomi,16499,False,False,True,snapdragon,8.0,2.2,5000.0,1,6,128,60,android,48.0,13.0,1
654,xiaomi,19999,False,False,True,snapdragon,8.0,2.3,5020.0,1,6,64,120,android,108.0,16.0,1
655,xiaomi,23500,True,True,False,snapdragon,8.0,2.84,5000.0,1,6,128,144,android,64.0,20.0,0
656,others,54999,True,True,False,snapdragon,8.0,2.4,4300.0,1,6,128,60,android,48.0,16.0,1
657,motorola,19499,False,False,False,snapdragon,8.0,2.2,5000.0,1,6,128,60,android,64.0,16.0,1
658,others,79990,True,True,False,snapdragon,8.0,2.84,5000.0,1,8,128,60,android,64.0,10.0,0
659,samsung,39999,False,True,False,exynos,8.0,2.7,4500.0,1,6,128,60,android,12.0,32.0,1
660,samsung,92999,True,True,True,exynos,8.0,2.7,4300.0,1,12,256,60,android,12.0,10.0,1
661,iqoo,32990,True,True,True,snapdragon,8.0,3.2,5000.0,1,8,256,120,android,50.0,16.0,0
662,samsung,14499,False,False,False,exynos,8.0,2.0,5000.0,1,4,128,90,android,50.0,5.0,1
663,vivo,13999,True,False,False,dimensity,8.0,2.2,5000.0,1,4,128,60,android,13.0,5.0,1
664,vivo,7999,False,False,False,helio,8.0,2.4278098290598287,5000.0,1,2,32,60,android,8.0,5.0,1
665,itel,5785,False,False,False,unisoc,8.0,1.6,5000.0,1,2,32,60,android,8.0,5.0,1
666,xiaomi,12990,True,False,True,dimensity,8.0,2.2,5000.0,1,4,128,90,android,13.0,5.0,1
667,poco,19990,True,False,True,dimensity,8.0,2.5,5100.0,1,8,128,120,android,108.0,32.0,1
668,oppo,23990,True,False,False,dimensity,8.0,2.4,5000.0,1,12,256,90,android,48.0,8.0,1
669,samsung,17999,False,False,False,exynos,8.0,1.8,4000.0,1,6,64,60,android,48.0,16.0,1
670,infinix,16999,False,False,False,helio,8.0,2.2,5000.0,1,6,128,60,android,108.0,16.0,1
671,honor,9999,True,False,False,snapdragon,8.0,2.2,5000.0,0,4,128,60,android,13.0,5.0,1
672,infinix,8299,False,False,False,helio,8.0,2.0,5000.0,0,3,64,60,android,8.0,5.0,1
673,sony,82199,True,True,False,snapdragon,8.0,3.0,5000.0,1,8,256,120,android,12.0,12.0,1
674,nubia,49990,True,True,False,snapdragon,8.0,3.0,5000.0,1,8,128,144,android,64.0,16.0,0
675,nokia,11999,False,False,False,unisoc,8.0,1.6,5050.0,1,4,64,90,android,50.0,8.0,1
676,xiaomi,29990,True,True,False,snapdragon,8.0,2.4,4300.0,1,6,128,120,android,108.0,32.0,0
677,oppo,92249,True,True,False,snapdragon,8.0,2.84,4500.0,1,8,256,120,android,50.0,32.0,0
678,apple,139900,True,True,False,bionic,6.0,3.22,4352.0,1,6,256,120,ios,12.0,12.0,0
679,vivo,14990,False,False,False,helio,8.0,2.0,5000.0,1,4,128,60,android,50.0,8.0,1
680,oppo,15988,False,False,False,snapdragon,8.0,2.0,5000.0,1,6,128,60,android,48.0,16.0,1
681,samsung,11725,False,False,False,exynos,8.0,2.3,6000.0,1,4,64,60,android,48.0,20.0,1
682,oppo,17994,False,False,False,helio,8.0,2.2,4310.0,1,8,128,60,android,48.0,16.0,1
683,oppo,134999,False,False,False,snapdragon,8.0,2.84,4000.0,1,8,256,60,android,64.0,16.0,0
684,oneplus,25595,True,True,False,snapdragon,8.0,2.0,4300.0,1,6,128,90,android,64.0,16.0,1
685,others,7499,False,False,False,helio,8.0,1.99,4000.0,0,6,128,60,android,16.0,13.0,1
686,poco,10890,False,False,True,helio,8.0,2.0,5000.0,1,6,64,60,android,13.0,8.0,1
687,oppo,18990,False,False,False,helio,8.0,2.2,4015.0,1,8,128,60,android,48.0,16.0,1
688,motorola,19990,True,True,False,snapdragon,8.0,2.2,5000.0,1,6,128,60,android,48.0,16.0,1
689,samsung,15990,False,True,False,exynos,8.0,2.3,4000.0,1,4,128,60,android,48.0,32.0,1
690,samsung,58999,False,True,False,exynos,8.0,2.73,4300.0,1,12,256,60,android,12.0,10.0,1
691,vivo,12500,False,False,False,helio,8.0,2.0,5000.0,0,4,64,60,android,13.0,16.0,1
692,vivo,29999,False,False,False,snapdragon,8.0,2.0,4500.0,1,8,128,60,android,48.0,32.0,1
693,vivo,31990,True,False,False,snapdragon,8.0,2.7,4700.0,1,8,256,120,android,64.0,32.0,1
694,vivo,29999,True,True,False,dimensity,8.0,2.4,4000.0,1,8,128,90,android,64.0,44.0,1
695,asus,107990,True,True,False,dimensity,8.0,3.2,6000.0,1,16,512,165,android,50.0,12.0,0
696,motorola,31990,True,True,False,snapdragon,8.0,2.2,4020.0,1,8,128,120,android,64.0,32.0,0
697,xiaomi,48990,True,True,True,dimensity,8.0,2.85,5000.0,1,8,128,120,android,108.0,20.0,0
698,huawei,99990,True,True,False,others,8.0,3.13,4500.0,1,8,256,120,other,64.0,13.0,0
699,realme,9499,False,False,False,tiger,8.0,1.82,5000.0,0,4,64,60,android,13.0,5.0,1
700,huawei,162990,False,True,True,snapdragon,8.0,2.84,4600.0,1,8,512,120,android,50.0,10.7,0
701,iqoo,24999,True,False,False,snapdragon,8.0,2.36,5000.0,1,6,128,144,android,50.0,16.0,1
702,apple,82990,False,True,False,bionic,6.0,2.4278098290598287,3285.0,1,6,128,60,ios,50.0,13.0,0
703,infinix,15999,False,False,False,helio,8.0,2.05,5000.0,1,8,128,120,android,50.0,16.0,1
704,tecno,8999,False,False,False,helio,8.0,1.8,5000.0,0,4,64,60,android,16.0,8.0,1
705,oppo,17990,True,False,False,dimensity,8.0,2.2,5000.0,0,6,128,60,android,13.0,8.0,1
706,vivo,82990,True,True,False,snapdragon,8.0,3.2,4500.0,1,12,256,120,android,50.0,32.0,0
707,xiaomi,12999,False,False,True,helio,8.0,2.0,6000.0,1,6,128,90,android,50.0,8.0,1
708,huawei,29990,False,True,False,snapdragon,8.0,2.4,4300.0,1,8,128,120,other,50.0,32.0,0
709,tecno,6999,False,False,False,others,4.0,1.3,4000.0,0,1,16,60,android,5.0,5.0,1
710,huawei,60999,False,True,True,snapdragon,8.0,2.84,4360.0,1,8,256,120,other,50.0,13.0,1
711,xiaomi,27990,True,True,True,dimensity,8.0,2.85,5500.0,1,8,128,120,android,48.0,20.0,0
712,nokia,5249,False,False,False,unisoc,8.0,1.6,3000.0,0,2,16,60,android,5.0,5.0,1
713,realme,14999,True,False,False,snapdragon,8.0,2.2,5000.0,1,6,128,120,android,48.0,16.0,1
714,oppo,44990,True,True,False,snapdragon,8.0,3.2,4500.0,1,8,128,90,android,50.0,32.0,0
715,motorola,22490,True,True,False,snapdragon,8.0,3.2,5000.0,1,6,128,90,android,64.0,16.0,1
716,oppo,50990,True,True,False,snapdragon,8.0,2.84,4500.0,1,12,256,120,android,50.0,32.0,0
717,poco,11499,False,False,True,snapdragon,8.0,2.0,6000.0,1,6,64,60,android,48.0,8.0,1
718,itel,5990,False,False,False,unisoc,4.0,1.3,4000.0,0,1,16,60,android,8.0,8.0,1
719,vivo,27000,True,False,False,snapdragon,8.0,2.4,4000.0,1,8,128,60,android,64.0,44.0,0
720,xiaomi,29999,True,True,True,snapdragon,8.0,2.84,5000.0,1,8,128,144,android,108.0,20.0,0
721,vivo,27990,False,False,False,snapdragon,8.0,2.3,4500.0,1,8,256,60,android,48.0,32.0,1
722,samsung,74999,True,True,False,exynos,8.0,2.73,4000.0,1,8,128,60,android,64.0,10.0,1
723,vivo,9990,False,False,False,snapdragon,8.0,2.0,5000.0,1,4,64,60,android,16.0,16.0,1
724,oppo,19990,False,False,False,snapdragon,8.0,2.2,4000.0,1,8,128,60,android,64.0,32.0,1
725,realme,13279,False,False,False,snapdragon,8.0,2.3,4000.0,1,4,64,60,android,64.0,16.0,1
726,vivo,11000,False,False,False,helio,8.0,2.0,5000.0,0,3,64,60,android,13.0,8.0,1
727,xiaomi,12999,False,False,False,snapdragon,8.0,2.8,4000.0,1,6,128,60,android,12.0,20.0,1
728,poco,7299,False,False,False,helio,4.0,2.0,5000.0,1,3,32,60,android,8.0,5.0,1
729,others,7999,False,False,False,exynos,4.0,1.6,5000.0,0,4,32,60,android,20.0,13.0,1
730,xiaomi,54990,True,True,True,snapdragon,8.0,3.2,5000.0,1,8,128,120,android,50.0,20.0,0
731,vivo,49990,True,True,False,dimensity,8.0,2.4278098290598287,5000.0,1,12,256,120,android,50.0,32.0,0
732,honor,54990,True,True,False,snapdragon,8.0,3.0,4500.0,1,12,256,120,android,200.0,50.0,0
733,apple,49990,True,True,False,bionic,6.0,3.22,3279.0,0,4,64,60,ios,12.0,10.8,0
734,tecno,15499,False,False,False,dimensity,8.0,2.4,6000.0,1,4,128,120,android,50.0,8.0,1
735,apple,169900,True,True,False,bionic,6.0,2.4278098290598287,4323.0,1,6,512,120,ios,48.0,12.0,0
736,google,53990,True,True,False,others,8.0,2.4278098290598287,4830.0,1,8,128,120,android,50.0,10.1,0
737,vivo,18990,True,False,False,dimensity,8.0,3.0,6000.0,1,8,128,120,android,50.0,16.0,0
738,motorola,16999,True,True,False,snapdragon,8.0,2.2,5000.0,1,4,64,90,android,50.0,16.0,1
739,motorola,34999,True,True,False,snapdragon,8.0,2.36,4200.0,1,8,128,144,android,50.0,32.0,0
740,vivo,82990,True,True,True,snapdragon,8.0,3.0,5000.0,1,12,512,120,android,50.0,16.0,0
741,realme,46999,True,True,False,snapdragon,8.0,3.0,5000.0,1,12,256,120,android,50.0,32.0,0
742,vivo,8499,False,False,False,helio,8.0,2.3,5000.0,0,3,32,60,android,13.0,8.0,1
743,honor,16999,False,False,False,snapdragon,8.0,2.4,4000.0,1,6,128,90,android,64.0,16.0,0
744,samsung,11499,False,False,False,unisoc,8.0,1.6,5000.0,1,4,64,60,android,48.0,5.0,1
745,samsung,88999,True,True,False,snapdragon,8.0,3.0,4500.0,1,8,256,120,android,50.0,10.0,0
746,vivo,15990,False,False,False,snapdragon,8.0,2.4,5000.0,1,8,128,90,android,50.0,16.0,1
747,xiaomi,24990,True,False,True,dimensity,8.0,2.5,5160.0,1,8,128,120,android,108.0,16.0,1
748,oppo,79990,True,True,False,snapdragon,8.0,3.0,5000.0,1,8,256,120,android,50.0,32.0,0
749,tecno,6249,False,False,False,exynos,8.0,2.2,5000.0,0,2,32,60,android,13.0,8.0,1
750,vivo,12499,False,False,False,snapdragon,8.0,2.4,5000.0,1,3,64,60,android,13.0,8.0,1
751,xiaomi,6499,False,False,False,helio,8.0,2.0,5000.0,0,2,32,60,android,13.0,5.0,1
752,apple,179900,True,True,False,bionic,6.0,3.22,4352.0,1,6,1024,120,ios,12.0,12.0,0
753,vivo,11990,False,False,False,snapdragon,8.0,2.0,5000.0,0,3,64,60,android,13.0,8.0,1
754,vivo,26990,False,False,False,helio,8.0,2.05,4050.0,1,8,128,60,android,64.0,50.0,0
755,samsung,13499,False,False,False,helio,8.0,2.0,6000.0,0,6,128,90,android,48.0,13.0,1
756,xiaomi,75999,True,True,True,snapdragon,8.0,3.2,4800.0,1,12,256,120,android,50.0,20.0,0
757,others,5999,False,False,False,tiger,8.0,1.8,5000.0,0,3,32,60,android,8.0,5.0,1
758,samsung,8499,False,False,False,helio,8.0,2.3,5000.0,1,3,32,60,android,13.0,5.0,1
759,oppo,11990,False,False,False,helio,8.0,2.3,5000.0,1,4,128,60,android,13.0,16.0,1
760,xiaomi,10990,True,False,True,dimensity,8.0,2.2,5000.0,1,4,128,90,android,48.0,13.0,1
761,xiaomi,109990,True,True,True,snapdragon,8.0,2.84,5020.0,1,12,256,90,android,108.0,20.0,0
762,realme,16999,True,True,False,dimensity,8.0,2.2,5000.0,1,6,128,90,android,48.0,16.0,1
763,oppo,12199,False,False,False,helio,8.0,2.3,5000.0,1,4,64,60,android,13.0,16.0,1
764,oppo,11490,False,False,False,helio,8.0,2.3,4230.0,0,4,128,60,android,13.0,8.0,1
765,itel,5490,False,False,False,exynos,4.0,1.3,4000.0,0,1,16,60,android,8.0,5.0,1
766,xiaomi,11499,False,False,True,snapdragon,8.0,2.0,6000.0,1,4,64,60,android,48.0,8.0,1
767,samsung,59450,True,True,False,exynos,8.0,2.9,4800.0,1,8,128,120,android,64.0,10.0,0
768,poco,12799,False,False,True,snapdragon,8.0,2.3,5000.0,1,4,64,60,android,48.0,16.0,1
769,samsung,83000,False,True,False,exynos,8.0,2.73,4500.0,1,8,128,120,android,64.0,10.0,1
770,realme,14490,False,False,False,snapdragon,8.0,2.3,4300.0,1,6,64,90,android,64.0,16.0,1
771,huawei,82990,True,True,False,others,8.0,2.86,4200.0,1,8,256,90,android,50.0,32.0,1
772,vivo,9490,False,False,False,snapdragon,8.0,2.0,5000.0,0,3,32,60,android,13.0,8.0,1
773,vivo,25000,False,False,False,snapdragon,8.0,2.0,3700.0,1,8,128,60,android,48.0,32.0,1
774,vivo,15000,False,False,False,snapdragon,8.0,1.95,4030.0,0,4,64,60,android,13.0,20.0,1
775,vivo,20990,False,False,False,helio,8.0,2.0,3315.0,0,4,128,60,android,16.0,25.0,1
776,samsung,34999,False,True,False,exynos,8.0,2.8,3500.0,1,6,128,60,android,12.0,8.0,1
777,realme,29999,True,False,False,snapdragon,8.0,3.0,5000.0,1,8,128,144,android,50.0,16.0,0
778,vivo,11999,True,False,False,dimensity,8.0,2.0,6000.0,1,4,128,60,android,13.0,5.0,0
779,samsung,12999,False,False,False,helio,8.0,2.3,5000.0,1,4,128,60,android,50.0,5.0,1
780,others,124990,True,True,False,snapdragon,8.0,3.0,5000.0,1,12,256,240,android,47.2,12.6,1
781,xiaomi,28999,True,False,True,dimensity,8.0,3.1,5080.0,1,8,128,120,android,50.0,32.0,0
782,infinix,12999,False,False,False,helio,8.0,2.05,5000.0,1,8,128,60,android,50.0,8.0,1
783,realme,28499,True,False,False,snapdragon,8.0,3.2,5000.0,1,8,256,120,android,64.0,16.0,0
784,apple,104999,True,True,False,bionic,6.0,3.22,4325.0,1,6,512,60,ios,12.0,12.0,0
785,apple,172999,True,True,False,bionic,6.0,2.4278098290598287,3200.0,1,6,1024,120,ios,48.0,12.0,0
786,xiaomi,17990,True,False,True,snapdragon,8.0,2.0,5100.0,1,6,128,120,android,64.0,16.0,1
787,xiaomi,13774,False,False,True,helio,8.0,2.2,5000.0,1,6,128,90,android,50.0,8.0,1
788,nokia,8999,False,False,False,unisoc,8.0,1.6,5050.0,0,4,64,60,android,13.0,5.0,1
789,oneplus,18990,True,True,False,dimensity,8.0,2.4,5000.0,1,4,64,90,android,48.0,16.0,1
790,tecno,14999,False,True,False,helio,8.0,2.0,5000.0,1,6,128,90,android,48.0,32.0,0
791,realme,7999,False,False,False,tiger,8.0,1.82,5000.0,1,3,32,60,android,8.0,5.0,1
792,xiaomi,39999,True,True,True,snapdragon,8.0,3.2,5000.0,1,8,128,144,android,108.0,20.0,0
793,oppo,11990,False,False,False,helio,8.0,2.3,5000.0,1,3,64,60,android,13.0,8.0,1
794,infinix,12999,False,False,False,helio,8.0,2.0,5000.0,1,6,128,60,android,50.0,16.0,1
795,samsung,54999,True,True,False,exynos,8.0,2.4278098290598287,4500.0,1,8,128,60,android,64.0,32.0,0
796,samsung,24990,True,False,False,exynos,8.0,2.4278098290598287,6000.0,1,6,128,60,android,64.0,32.0,1
797,vivo,59999,True,False,False,dimensity,8.0,3.05,4500.0,1,12,256,120,android,50.0,32.0,0
798,poco,19999,True,False,False,snapdragon,8.0,2.4278098290598287,5000.0,1,6,128,120,android,64.0,32.0,1
799,infinix,16999,False,False,False,helio,8.0,2.05,5000.0,1,8,128,60,android,50.0,16.0,1
800,samsung,14999,False,False,False,exynos,8.0,2.4278098290598287,6000.0,0,4,64,60,android,48.0,8.0,1
801,vivo,29990,True,False,False,snapdragon,8.0,2.4278098290598287,4500.0,1,8,128,90,android,50.0,16.0,1
802,xiaomi,13990,True,False,True,dimensity,8.0,2.2,5000.0,1,4,128,90,android,50.0,5.0,0
803,xiaomi,17999,False,False,True,helio,8.0,2.05,5000.0,1,6,128,120,android,108.0,16.0,1
804,realme,11399,False,False,False,tiger,8.0,1.82,5000.0,1,4,64,60,android,50.0,8.0,1
805,vivo,19990,True,False,False,dimensity,8.0,2.2,6000.0,1,8,128,60,android,50.0,8.0,0
806,vivo,15499,False,False,False,snapdragon,8.0,2.4,5000.0,1,4,128,90,android,50.0,8.0,1
807,others,6999,False,False,False,tiger,4.0,2.0,4800.0,0,3,32,60,android,13.0,5.0,1
808,xiaomi,12499,False,False,True,snapdragon,8.0,2.3,5020.0,1,4,128,60,android,48.0,16.0,1
809,apple,91999,True,True,False,bionic,6.0,3.22,3240.0,1,4,512,60,ios,12.0,12.0,0
810,infinix,9690,False,False,False,helio,8.0,2.0,5000.0,0,4,64,90,android,50.0,8.0,1
811,realme,32990,True,True,False,snapdragon,8.0,3.2,4500.0,1,8,128,120,android,50.0,32.0,0
812,xiaomi,42990,True,True,True,snapdragon,8.0,3.0,4500.0,1,8,128,120,android,50.0,32.0,0
813,others,14999,False,False,False,snapdragon,4.0,1.3,2000.0,0,2,16,60,android,5.0,2.0,0
814,xiaomi,18699,False,False,True,snapdragon,8.0,2.3,4250.0,1,8,128,90,android,64.0,16.0,1
815,realme,10990,True,False,False,dimensity,8.0,2.2,5000.0,1,4,128,60,android,48.0,16.0,1
816,xiaomi,30990,True,False,True,snapdragon,8.0,2.84,4520.0,1,8,128,120,android,108.0,20.0,0
817,others,59999,True,True,False,snapdragon,8.0,2.84,5000.0,1,16,512,144,android,64.0,20.0,0
818,samsung,23999,False,True,False,exynos,8.0,2.73,7000.0,1,6,128,60,android,64.0,32.0,1
819,realme,9999,True,False,False,dimensity,8.0,2.0,5000.0,1,4,128,60,android,13.0,8.0,0
820,apple,119900,True,True,False,bionic,6.0,3.1,3279.0,0,6,256,60,ios,12.0,12.0,0
821,xiaomi,9299,False,False,False,helio,8.0,2.0,5000.0,1,4,128,60,android,13.0,5.0,1
822,realme,12989,False,False,False,helio,8.0,2.05,4300.0,1,6,64,90,android,64.0,16.0,1
823,samsung,4999,False,False,False,others,4.0,1.5,3000.0,0,1,16,60,android,8.0,5.0,1
824,oppo,29990,True,False,False,snapdragon,8.0,2.4,4300.0,1,8,128,60,android,64.0,32.0,0
825,oppo,12490,False,False,False,helio,8.0,2.3,4230.0,0,6,128,60,android,12.0,8.0,1
826,sony,27999,False,True,False,snapdragon,8.0,2.0,3600.0,1,4,128,90,android,12.0,8.0,1
827,vivo,8199,False,False,False,helio,8.0,2.0,4030.0,0,2,32,60,android,13.0,5.0,1
828,huawei,21990,False,False,False,others,8.0,2.2,4200.0,1,8,128,60,android,48.0,16.0,1
829,vivo,20000,False,False,False,helio,8.0,2.0,5000.0,1,4,128,60,android,16.0,16.0,1
830,vivo,11990,False,False,False,snapdragon,8.0,2.0,5000.0,1,6,64,60,android,16.0,16.0,1
831,xiaomi,11989,False,False,True,helio,8.0,2.0,5020.0,1,4,64,60,android,48.0,13.0,1
832,xiaomi,11490,False,False,True,snapdragon,8.0,2.0,5000.0,1,4,64,60,android,12.0,8.0,1
833,motorola,11490,False,False,False,helio,8.0,2.0,4000.0,1,4,64,60,android,13.0,8.0,1
834,google,15999,False,True,False,snapdragon,8.0,2.0,3700.0,1,4,64,60,android,12.2,8.0,0
835,samsung,17990,False,False,False,exynos,8.0,2.2,3100.0,1,4,64,60,android,16.0,25.0,1
836,samsung,78990,True,True,False,exynos,8.0,2.7,4500.0,1,8,256,60,android,16.0,10.0,1
837,huawei,10949,False,False,False,others,8.0,2.36,3000.0,0,4,64,60,android,13.0,16.0,1
838,xiaomi,10300,False,False,False,snapdragon,8.0,2.0,4100.0,0,4,64,60,android,13.0,5.0,1
839,others,45999,True,False,False,dimensity,8.0,2.6,22000.0,1,12,256,120,android,108.0,32.0,1
840,huawei,21990,False,False,False,exynos,8.0,2.4278098290598287,5000.0,1,4,64,60,other,50.0,5.0,1
841,iqoo,19990,True,False,False,snapdragon,8.0,2.4278098290598287,5000.0,1,8,128,120,android,64.0,16.0,1
842,vivo,32990,True,False,False,snapdragon,8.0,2.4,5000.0,1,8,256,120,android,64.0,32.0,1
843,poco,14499,False,False,True,helio,8.0,2.2,5000.0,1,6,128,90,android,50.0,8.0,1
844,nokia,41990,True,True,False,snapdragon,8.0,2.2,4200.0,1,6,128,90,android,50.0,16.0,1
845,tecno,13990,False,False,False,helio,8.0,2.0,7000.0,0,6,128,90,android,16.0,8.0,1
846,vivo,10490,False,False,False,helio,8.0,2.3,5000.0,0,3,64,60,android,13.0,8.0,1
847,huawei,29990,False,False,False,snapdragon,8.0,2.4,4000.0,1,8,128,120,other,50.0,60.0,0
848,huawei,22990,False,True,False,snapdragon,8.0,2.4,5000.0,1,8,128,90,other,50.0,8.0,1
849,samsung,47990,True,False,False,dimensity,8.0,3.0,5000.0,1,8,128,60,android,48.0,16.0,0
850,infinix,19999,False,False,False,helio,8.0,2.05,4500.0,1,8,128,120,android,108.0,16.0,1
851,oneplus,29999,True,True,False,snapdragon,8.0,2.36,4500.0,1,8,128,120,android,50.0,32.0,0
852,realme,11879,False,False,False,tiger,8.0,1.82,5000.0,1,4,128,60,android,50.0,8.0,1
853,oneplus,28990,True,True,False,dimensity,8.0,2.85,4500.0,1,8,128,120,android,50.0,16.0,0
854,iqoo,39990,True,False,False,snapdragon,8.0,2.9,4350.0,1,12,256,120,android,48.0,16.0,0
855,xiaomi,15999,True,False,True,dimensity,8.0,2.0,5000.0,1,6,64,90,android,64.0,16.0,1
856,oppo,22990,True,False,False,snapdragon,8.0,2.2,4500.0,1,8,256,60,android,48.0,16.0,1
857,others,149999,True,False,False,snapdragon,8.0,2.84,3360.0,0,8,128,60,android,64.0,32.0,0
858,tecno,11499,False,True,False,helio,8.0,2.0,5000.0,1,4,128,90,android,48.0,16.0,0
859,tecno,22999,False,False,False,helio,8.0,2.05,5000.0,1,8,256,120,android,50.0,48.0,0
860,tecno,7999,False,False,False,helio,8.0,2.3,5000.0,0,4,64,60,android,50.0,8.0,1
861,realme,31999,True,True,False,snapdragon,8.0,3.2,5000.0,1,8,128,120,android,64.0,16.0,0
862,sony,30990,True,True,False,snapdragon,8.0,2.0,4500.0,1,6,64,60,android,12.0,8.0,1
863,realme,7999,False,False,False,helio,8.0,2.3,6000.0,0,3,32,60,android,13.0,5.0,1
864,tecno,10999,False,False,False,helio,8.0,2.0,7000.0,1,4,64,60,android,48.0,8.0,1
865,poco,14990,True,False,False,dimensity,8.0,2.2,5000.0,1,6,128,120,android,50.0,16.0,1
866,motorola,14499,False,False,False,snapdragon,8.0,2.3,6000.0,1,4,64,120,android,64.0,16.0,1
867,oneplus,44999,True,True,False,snapdragon,8.0,2.84,4500.0,1,8,128,120,android,108.0,16.0,0
868,realme,17999,False,False,False,helio,8.0,2.0,5000.0,1,8,128,60,android,64.0,16.0,1
869,realme,19999,True,False,False,dimensity,8.0,2.4,5000.0,1,8,128,120,android,48.0,16.0,1
870,itel,3999,False,False,False,others,4.0,1.4,2400.0,0,1,8,60,android,5.0,2.0,0
871,samsung,101999,True,True,False,exynos,8.0,2.9,5000.0,1,12,128,120,android,108.0,40.0,0
872,oppo,38700,True,False,False,dimensity,8.0,2.6,4350.0,1,8,128,90,android,64.0,32.0,0
873,oneplus,19999,False,False,False,snapdragon,8.0,2.0,4500.0,1,4,64,60,android,48.0,13.0,1
874,samsung,10999,False,False,False,exynos,8.0,2.0,6000.0,1,4,64,90,android,48.0,8.0,1
875,oneplus,16990,False,False,False,snapdragon,8.0,1.8,5000.0,1,4,64,90,android,13.0,8.0,1
876,apple,55999,True,True,False,bionic,6.0,3.1,3279.0,0,4,256,60,ios,12.0,12.0,0
877,apple,67999,True,True,False,bionic,6.0,3.1,3279.0,0,4,256,60,ios,12.0,12.0,0
878,oppo,9999,False,False,False,helio,8.0,2.3,4230.0,0,3,32,60,android,13.0,5.0,1
879,xiaomi,14439,False,False,True,snapdragon,8.0,2.3,5020.0,1,4,128,60,android,48.0,16.0,1
880,oppo,9990,False,False,False,helio,8.0,1.8,4230.0,0,3,32,60,android,13.0,5.0,1
881,realme,24999,True,True,False,snapdragon,8.0,2.84,4200.0,1,8,128,90,android,64.0,32.0,0
882,samsung,85990,True,True,False,exynos,8.0,2.73,4500.0,1,8,128,60,android,64.0,10.0,1
883,xiaomi,16999,False,False,True,helio,8.0,2.05,4500.0,1,6,64,60,android,64.0,20.0,1
884,realme,8999,False,False,False,helio,8.0,2.1,4000.0,0,2,16,60,android,13.0,8.0,1
885,oppo,15990,False,False,False,helio,8.0,2.5,3200.0,0,3,32,60,android,13.0,16.0,1
886,others,3890,False,False,False,snapdragon,8.0,1.5,2500.0,0,3,32,60,android,13.0,13.0,1
887,apple,84990,True,True,False,bionic,6.0,2.4278098290598287,4532.0,1,8,128,120,ios,12.0,12.0,0
888,vivo,21999,True,True,False,dimensity,8.0,2.2,5000.0,1,4,128,60,android,50.0,8.0,1
889,lava,8999,False,False,False,helio,8.0,2.3,5000.0,0,4,64,60,android,13.0,8.0,1
890,tecno,20999,True,True,False,dimensity,8.0,2.2,5000.0,1,6,128,120,android,50.0,16.0,0
891,oppo,32990,True,True,False,dimensity,8.0,3.0,4500.0,1,8,128,90,android,50.0,32.0,0
892,motorola,9022,False,False,False,helio,8.0,2.3,5000.0,1,4,64,90,android,16.0,8.0,1
893,xiaomi,8399,False,False,False,helio,4.0,2.0,5000.0,1,3,32,60,android,8.0,5.0,1
894,infinix,9999,False,False,False,helio,8.0,2.0,5000.0,0,3,64,60,android,13.0,8.0,1
895,tecno,8390,False,False,False,helio,8.0,2.3,5000.0,0,3,64,90,android,13.0,8.0,1
896,others,19999,True,True,False,snapdragon,8.0,3.2,4200.0,1,6,128,120,android,50.0,16.0,1
897,honor,13999,False,False,False,helio,8.0,2.0,5000.0,1,4,64,60,android,50.0,5.0,1
898,xiaomi,29999,True,True,True,snapdragon,8.0,2.4,4500.0,1,8,128,120,android,50.0,32.0,0
899,others,8990,False,False,False,helio,8.0,2.0,3000.0,1,3,32,60,android,13.0,5.0,1
900,samsung,163980,True,True,False,snapdragon,8.0,3.2,4400.0,1,12,1024,120,android,50.0,10.0,0
901,nothing,24990,True,True,False,snapdragon,8.0,2.5,5000.0,1,6,128,120,android,50.0,16.0,0
902,motorola,59990,True,True,False,snapdragon,8.0,3.2,4450.0,1,8,128,144,android,200.0,60.0,0
903,oneplus,47990,True,True,False,snapdragon,8.0,3.2,4800.0,1,12,256,120,android,50.0,16.0,0
904,realme,40990,True,True,False,snapdragon,8.0,3.2,5000.0,1,8,128,120,android,50.0,16.0,0
905,samsung,22999,False,True,False,exynos,8.0,2.4278098290598287,6000.0,1,8,128,60,android,64.0,32.0,1
906,samsung,12990,False,False,False,exynos,8.0,2.4278098290598287,5000.0,1,4,64,60,android,48.0,5.0,1
907,infinix,14999,False,False,False,helio,8.0,2.0,5000.0,1,8,128,60,android,50.0,16.0,1
908,poco,42999,True,True,True,dimensity,8.0,3.0,4500.0,1,8,128,120,android,64.0,20.0,0
909,iqoo,14999,True,False,False,snapdragon,8.0,2.2,5000.0,1,4,128,120,android,50.0,16.0,1
910,vivo,22990,False,False,False,snapdragon,8.0,2.4,5000.0,1,8,128,120,android,50.0,16.0,1
911,vivo,118990,True,True,False,snapdragon,8.0,3.0,4600.0,1,12,512,120,android,50.0,16.0,0
912,oppo,29990,True,False,False,snapdragon,8.0,2.84,5000.0,1,8,128,120,android,50.0,16.0,0
913,tecno,7399,False,False,False,unisoc,8.0,2.0,5000.0,0,3,64,90,android,13.0,8.0,1
914,iqoo,17999,True,False,False,snapdragon,8.0,2.2,4200.0,1,8,128,120,android,50.0,16.0,0
915,infinix,12799,False,False,False,helio,8.0,2.0,5000.0,1,6,128,60,android,50.0,16.0,1
916,xiaomi,26999,True,False,True,dimensity,8.0,2.5,4500.0,1,8,128,120,android,108.0,16.0,1
917,samsung,22999,True,False,False,dimensity,8.0,2.2,5000.0,1,8,128,90,android,64.0,8.0,1
918,apple,147900,True,True,False,bionic,6.0,3.22,3095.0,1,6,1024,120,ios,12.0,12.0,0
919,nubia,44999,True,True,False,snapdragon,8.0,2.9,5050.0,1,8,128,165,android,64.0,8.0,0
920,others,7790,False,False,False,unisoc,8.0,1.8,5000.0,0,6,64,60,android,13.0,5.0,1
921,nokia,39990,True,False,False,snapdragon,8.0,3.2,6000.0,1,6,128,144,other,200.0,16.0,1
922,vivo,9999,False,False,False,snapdragon,8.0,2.0,5000.0,0,3,32,60,android,13.0,8.0,1
923,oppo,22990,True,False,False,snapdragon,8.0,2.4,4000.0,1,6,128,90,android,64.0,16.0,1
924,poco,32999,True,False,True,dimensity,8.0,3.0,5065.0,1,6,128,120,android,64.0,16.0,0
925,honor,32990,True,True,False,snapdragon,8.0,2.4,4300.0,1,6,128,120,android,108.0,32.0,0
926,oppo,14999,False,False,False,helio,8.0,2.3,5000.0,1,6,128,60,android,13.0,16.0,1
927,realme,12499,False,False,False,helio,8.0,2.05,5000.0,1,4,64,120,android,50.0,16.0,1
928,iqoo,39990,True,True,False,snapdragon,8.0,2.84,4000.0,1,8,128,120,android,48.0,16.0,0
929,realme,6499,False,False,False,others,8.0,1.6,5000.0,0,2,32,60,android,8.0,5.0,1
930,samsung,18499,False,False,False,helio,8.0,2.0,5000.0,1,6,128,60,android,48.0,13.0,1
931,realme,30994,True,True,False,snapdragon,8.0,2.84,4500.0,1,8,128,120,android,64.0,16.0,0
932,google,32999,True,True,False,snapdragon,8.0,2.4,4620.0,1,6,128,60,android,16.0,8.0,0
933,samsung,10499,False,False,False,exynos,8.0,2.0,6000.0,1,4,64,90,android,48.0,8.0,1
934,samsung,19999,False,False,False,exynos,8.0,2.3,6000.0,1,6,128,60,android,64.0,32.0,1
935,samsung,17499,False,False,False,exynos,8.0,2.0,5000.0,0,6,128,60,android,48.0,13.0,1
936,xiaomi,10990,False,False,False,helio,8.0,2.0,5000.0,0,6,128,60,android,13.0,5.0,1
937,vivo,19000,False,False,False,snapdragon,8.0,2.0,4100.0,1,8,128,60,android,48.0,32.0,1
938,oppo,13990,False,False,False,snapdragon,8.0,1.8,5000.0,1,6,128,90,android,13.0,16.0,1
939,realme,10499,False,False,False,helio,8.0,2.0,6000.0,1,4,64,60,android,48.0,8.0,1
940,itel,5890,False,False,False,unisoc,8.0,1.6,4000.0,0,3,32,60,android,8.0,5.0,1
941,realme,6490,False,False,False,helio,8.0,2.3,5000.0,0,2,32,60,android,13.0,5.0,1
942,xiaomi,54999,True,True,True,snapdragon,8.0,2.84,4780.0,1,8,256,90,android,108.0,20.0,0
943,vivo,9990,False,False,False,snapdragon,8.0,1.8,5000.0,0,4,64,60,android,13.0,13.0,1
944,oneplus,24999,False,False,False,snapdragon,8.0,2.4,4300.0,1,8,128,90,android,64.0,16.0,0
945,others,59990,False,True,False,snapdragon,8.0,2.84,3730.0,1,12,256,60,android,48.0,16.0,1
946,huawei,214990,True,True,True,others,8.0,2.86,4500.0,1,12,512,60,android,40.0,32.0,1
947,samsung,9990,False,False,False,exynos,8.0,1.8,4000.0,1,2,32,60,android,13.0,8.0,1
948,realme,6999,False,False,False,helio,8.0,2.0,4000.0,0,2,16,60,android,13.0,5.0,1
949,samsung,39990,False,True,False,snapdragon,8.0,2.2,3400.0,1,6,128,60,android,24.0,24.0,1
950,samsung,21490,False,False,False,exynos,8.0,2.2,3300.0,0,4,64,60,android,24.0,24.0,1
951,vivo,13490,False,False,False,snapdragon,4.0,1.2,2730.0,0,3,16,60,android,13.0,5.0,1
952,poco,7999,False,False,False,helio,8.0,2.0,5000.0,0,4,64,60,android,50.0,5.0,1
953,others,8990,True,True,False,helio,8.0,2.3,5180.0,1,4,64,60,android,13.0,8.0,1
954,honor,13999,False,False,False,helio,8.0,2.3,5000.0,1,6,128,90,android,50.0,8.0,1
955,oppo,13990,True,False,False,dimensity,8.0,2.2,5000.0,1,6,128,90,android,13.0,8.0,1
956,others,14999,False,True,False,helio,8.0,2.05,6000.0,1,8,128,60,android,108.0,32.0,1
957,lava,6999,False,False,False,helio,4.0,2.0,4000.0,0,3,32,60,android,8.0,5.0,1
958,motorola,42990,True,True,False,snapdragon,8.0,3.2,4500.0,1,8,128,144,android,50.0,32.0,0
959,others,6799,False,False,False,exynos,4.0,1.3,5000.0,0,4,64,60,android,20.0,13.0,1
960,others,25899,False,True,False,helio,8.0,2.0,8000.0,0,6,128,60,android,16.0,8.0,1
961,xiaomi,54999,True,True,True,snapdragon,8.0,3.2,5000.0,1,12,256,120,android,50.0,32.0,0
962,motorola,49990,True,True,False,snapdragon,8.0,3.2,5000.0,1,8,128,144,android,50.0,32.0,0
963,xiaomi,32990,True,True,True,dimensity,8.0,3.1,5000.0,1,8,256,120,android,64.0,32.0,0
964,realme,8720,False,False,False,tiger,8.0,1.82,5000.0,1,4,64,60,android,8.0,5.0,1
965,oppo,69990,True,True,False,snapdragon,8.0,3.2,4700.0,1,8,256,120,android,50.0,32.0,0
966,google,70990,True,True,False,others,8.0,2.4278098290598287,5000.0,1,12,256,120,android,50.0,12.0,0
967,vivo,119990,True,True,False,snapdragon,8.0,3.2,4800.0,1,12,256,120,android,50.0,32.0,0
968,motorola,34990,True,False,False,snapdragon,8.0,3.0,5000.0,1,8,128,120,android,64.0,16.0,0
969,honor,14990,True,False,False,snapdragon,8.0,2.2,5000.0,1,6,128,60,android,48.0,8.0,1
970,poco,28990,True,True,True,dimensity,8.0,2.85,5080.0,1,8,256,144,android,64.0,16.0,0
971,motorola,19990,True,True,False,snapdragon,8.0,2.2,5000.0,1,6,128,60,android,108.0,32.0,1
972,samsung,24990,True,False,False,exynos,8.0,2.4278098290598287,5000.0,1,8,128,60,android,64.0,32.0,1
